performanceId, athleteId, boulderId, T, Z, aT, aZ, startTime, endTime, 
 845, 35, 10, 1, 1, 7, 2, 00:01:07, 00:03:07
 1029, 57, 12, 1, 1, 4, 8, 00:00:12, 00:04:12
 1034, 62, 12, 1, 1, 8, 6, 00:01:18, 00:04:18
 787, 58, 9, 1, 1, 7, 1, 00:03:20, 00:05:20
 662, 14, 8, 0, 1, 0, 10, 00:01:33, 00:05:33
 1508, 50, 18, 0, 0, 0, 0, 00:00:02, 00:06:02
 1409, 32, 17, 1, 1, 6, 8, 00:03:09, 00:06:09
 690, 42, 8, 1, 1, 7, 7, 00:04:31, 00:06:31
 1520, 62, 18, 1, 1, 3, 4, 00:05:09, 00:07:09
 1361, 65, 16, 0, 1, 0, 10, 00:04:24, 00:07:24
 1188, 54, 14, 1, 1, 6, 10, 00:01:40, 00:07:40
 1279, 64, 15, 1, 1, 7, 7, 00:03:45, 00:07:45
 252, 9, 3, 1, 1, 1, 9, 00:03:49, 00:07:49
 283, 40, 3, 1, 1, 10, 3, 00:03:03, 00:08:03
 660, 12, 8, 1, 1, 1, 5, 00:04:44, 00:08:44
 1095, 42, 13, 1, 1, 3, 4, 00:07:01, 00:09:01
 377, 53, 4, 1, 1, 10, 10, 00:05:08, 00:09:08
 580, 13, 7, 1, 1, 3, 7, 00:07:10, 00:09:10
 1120, 67, 13, 0, 1, 0, 5, 00:07:25, 00:09:25
 189, 27, 2, 1, 1, 3, 6, 00:06:38, 00:09:38
 160, 79, 1, 0, 0, 0, 0, 00:05:06, 00:10:06
 446, 41, 5, 0, 1, 0, 7, 00:04:58, 00:10:58
 405, 0, 5, 1, 1, 10, 4, 00:07:14, 00:11:14
 12, 12, 0, 0, 1, 0, 10, 00:05:15, 00:11:15
 831, 21, 10, 1, 1, 10, 6, 00:09:41, 00:11:41
 1230, 15, 15, 0, 0, 0, 0, 00:05:57, 00:11:57
 1464, 6, 18, 1, 1, 5, 3, 00:06:07, 00:12:07
 871, 61, 10, 0, 1, 0, 8, 00:06:14, 00:12:14
 1475, 17, 18, 0, 1, 0, 6, 00:07:17, 00:12:17
 364, 40, 4, 1, 1, 4, 8, 00:10:42, 00:12:42
 1423, 46, 17, 0, 0, 0, 0, 00:06:48, 00:12:48
 217, 55, 2, 1, 1, 4, 1, 00:09:18, 00:13:18
 695, 47, 8, 0, 0, 0, 0, 00:08:28, 00:13:28
 314, 71, 3, 0, 1, 0, 6, 00:10:33, 00:13:33
 949, 58, 11, 1, 1, 7, 4, 00:07:38, 00:13:38
 1219, 4, 15, 0, 1, 0, 5, 00:10:40, 00:13:40
 515, 29, 6, 0, 0, 0, 0, 00:10:43, 00:13:43
 811, 1, 10, 0, 1, 0, 2, 00:09:45, 00:13:45
 1114, 61, 13, 0, 0, 0, 0, 00:09:21, 00:14:21
 570, 3, 7, 0, 1, 0, 3, 00:09:14, 00:15:14
 460, 55, 5, 0, 1, 0, 2, 00:12:38, 00:15:38
 966, 75, 11, 0, 1, 0, 7, 00:11:23, 00:16:23
 1205, 71, 14, 0, 1, 0, 7, 00:10:24, 00:16:24
 54, 54, 0, 1, 1, 5, 8, 00:10:26, 00:16:26
 388, 64, 4, 0, 0, 0, 0, 00:11, 00:17
 1012, 40, 12, 0, 1, 0, 10, 00:14:05, 00:17:05
 818, 8, 10, 0, 1, 0, 6, 00:12:06, 00:17:06
 764, 35, 9, 1, 1, 6, 2, 00:12:20, 00:17:20
 1237, 22, 15, 1, 1, 4, 9, 00:13:50, 00:17:50
 197, 35, 2, 0, 1, 0, 5, 00:12:24, 00:18:24
 200, 38, 2, 1, 1, 7, 5, 00:12:24, 00:18:24
 800, 71, 9, 1, 1, 1, 7, 00:14:37, 00:18:37
 862, 52, 10, 1, 1, 3, 3, 00:13:38, 00:18:38
 1274, 59, 15, 0, 0, 0, 0, 00:16:47, 00:18:47
 238, 76, 2, 1, 1, 9, 9, 00:15:55, 00:18:55
 980, 8, 12, 1, 1, 7, 2, 00:14:02, 00:19:02
 869, 59, 10, 1, 1, 10, 2, 00:13:09, 00:19:09
 303, 60, 3, 1, 1, 9, 9, 00:17:17, 00:19:17
 898, 7, 11, 1, 1, 4, 8, 00:13:39, 00:19:39
 1388, 11, 17, 0, 1, 0, 8, 00:13:40, 00:19:40
 85, 4, 1, 0, 1, 0, 7, 00:17:38, 00:20:38
 847, 37, 10, 1, 1, 6, 10, 00:14:55, 00:20:55
 1496, 38, 18, 1, 1, 6, 2, 00:16:05, 00:21:05
 558, 72, 6, 1, 1, 10, 10, 00:18:10, 00:21:10
 786, 57, 9, 1, 1, 10, 7, 00:19:18, 00:21:18
 272, 29, 3, 1, 1, 4, 2, 00:15:21, 00:21:21
 1017, 45, 12, 1, 1, 1, 7, 00:18:22, 00:21:22
 1289, 74, 15, 0, 0, 0, 0, 00:16:24, 00:21:24
 1016, 44, 12, 0, 0, 0, 0, 00:15:27, 00:21:27
 1068, 15, 13, 0, 1, 0, 10, 00:17:49, 00:21:49
 1039, 67, 12, 1, 1, 10, 2, 00:19:50, 00:21:50
 267, 24, 3, 0, 1, 0, 6, 00:19:54, 00:21:54
 297, 54, 3, 0, 0, 0, 0, 00:19:08, 00:22:08
 929, 38, 11, 0, 1, 0, 6, 00:16:22, 00:22:22
 924, 33, 11, 0, 1, 0, 1, 00:20:24, 00:22:24
 950, 59, 11, 0, 1, 0, 7, 00:19:44, 00:22:44
 1532, 74, 18, 0, 0, 0, 0, 00:18:56, 00:22:56
 1094, 41, 13, 1, 1, 9, 6, 00:18:04, 00:23:04
 877, 67, 10, 1, 1, 3, 9, 00:20:09, 00:23:09
 43, 43, 0, 1, 1, 2, 3, 00:20:30, 00:23:30
 657, 9, 8, 0, 0, 0, 0, 00:21:42, 00:23:42
 204, 42, 2, 0, 0, 0, 0, 00:18:06, 00:24:06
 596, 29, 7, 1, 1, 9, 4, 00:20:08, 00:24:08
 713, 65, 8, 0, 0, 0, 0, 00:20:17, 00:24:17
 1356, 60, 16, 0, 1, 0, 1, 00:20:17, 00:24:17
 437, 32, 5, 1, 1, 2, 1, 00:18:20, 00:24:20
 1478, 20, 18, 0, 1, 0, 9, 00:18:23, 00:24:23
 1494, 36, 18, 1, 1, 5, 10, 00:19:27, 00:24:27
 447, 42, 5, 0, 0, 0, 0, 00:20:46, 00:24:46
 1317, 21, 16, 1, 1, 9, 2, 00:18:48, 00:24:48
 1330, 34, 16, 0, 1, 0, 2, 00:19:57, 00:24:57
 22, 22, 0, 0, 1, 0, 6, 00:19:03, 00:25:03
 562, 76, 6, 1, 1, 3, 7, 00:20:40, 00:25:40
 697, 49, 8, 0, 1, 0, 9, 00:22:46, 00:25:46
 1189, 55, 14, 1, 1, 4, 9, 00:23:01, 00:26:01
 435, 30, 5, 1, 1, 6, 9, 00:23:06, 00:26:06
 116, 35, 1, 0, 0, 0, 0, 00:21:36, 00:26:36
 549, 63, 6, 0, 1, 0, 4, 00:21:38, 00:26:38
 250, 7, 3, 0, 0, 0, 0, 00:21:11, 00:27:11
 964, 73, 11, 0, 0, 0, 0, 00:23:42, 00:27:42
 202, 40, 2, 0, 1, 0, 10, 00:22:51, 00:27:51
 1231, 16, 15, 1, 1, 3, 4, 00:23:54, 00:27:54
 901, 10, 11, 0, 1, 0, 9, 00:22:03, 00:28:03
 302, 59, 3, 0, 1, 0, 4, 00:25:15, 00:28:15
 885, 75, 10, 1, 1, 9, 3, 00:25:30, 00:28:30
 794, 65, 9, 0, 0, 0, 0, 00:26:32, 00:28:32
 1493, 35, 18, 0, 1, 0, 6, 00:26:35, 00:28:35
 627, 60, 7, 1, 1, 4, 3, 00:24:42, 00:28:42
 561, 75, 6, 1, 1, 3, 6, 00:23:18, 00:29:18
 876, 66, 10, 0, 0, 0, 0, 00:24:35, 00:29:35
 465, 60, 5, 0, 1, 0, 3, 00:27:01, 00:30:01
 1491, 33, 18, 1, 1, 9, 10, 00:24:08, 00:30:08
 688, 40, 8, 0, 1, 0, 7, 00:24:12, 00:30:12
 1232, 17, 15, 1, 1, 8, 4, 00:26:21, 00:30:21
 1099, 46, 13, 1, 1, 9, 3, 00:28:28, 00:30:28
 597, 30, 7, 1, 1, 2, 1, 00:25, 00:31
 1372, 76, 16, 0, 1, 0, 10, 00:28:49, 00:31:49
 1373, 77, 16, 1, 1, 2, 8, 00:26:49, 00:31:49
 77, 77, 0, 1, 1, 8, 5, 00:28:08, 00:32:08
 1271, 56, 15, 1, 1, 7, 3, 00:30:37, 00:32:37
 429, 24, 5, 0, 0, 0, 0, 00:26:38, 00:32:38
 1162, 28, 14, 1, 1, 8, 6, 00:27:43, 00:32:43
 592, 25, 7, 0, 0, 0, 0, 00:26:45, 00:32:45
 415, 10, 5, 0, 1, 0, 7, 00:28:19, 00:33:19
 696, 48, 8, 0, 1, 0, 1, 00:29:42, 00:34:42
 1191, 57, 14, 0, 1, 0, 6, 00:29:49, 00:34:49
 1164, 30, 14, 0, 1, 0, 3, 00:31:53, 00:34:53
 1028, 56, 12, 0, 0, 0, 0, 00:31:11, 00:35:11
 11, 11, 0, 0, 1, 0, 5, 00:29:20, 00:35:20
 759, 30, 9, 1, 1, 6, 1, 00:32:26, 00:35:26
 589, 22, 7, 1, 1, 4, 7, 00:32:53, 00:35:53
 640, 73, 7, 0, 0, 0, 0, 00:30:07, 00:36:07
 115, 34, 1, 1, 1, 8, 1, 00:31:23, 00:36:23
 506, 20, 6, 0, 0, 0, 0, 00:33:31, 00:36:31
 169, 7, 2, 1, 1, 5, 4, 00:30:40, 00:36:40
 1360, 64, 16, 1, 1, 3, 4, 00:32:52, 00:36:52
 313, 70, 3, 0, 1, 0, 5, 00:31:53, 00:36:53
 418, 13, 5, 1, 1, 5, 3, 00:35:05, 00:37:05
 216, 54, 2, 1, 1, 7, 4, 00:31:09, 00:37:09
 550, 64, 6, 1, 1, 10, 10, 00:31:22, 00:37:22
 850, 40, 10, 0, 0, 0, 0, 00:31:28, 00:37:28
 830, 20, 10, 1, 1, 6, 8, 00:32:33, 00:37:33
 1454, 77, 17, 1, 1, 7, 7, 00:34:03, 00:38:03
 262, 19, 3, 1, 1, 10, 7, 00:34:07, 00:38:07
 916, 25, 11, 1, 1, 5, 10, 00:36:34, 00:38:34
 543, 57, 6, 1, 1, 7, 5, 00:34:37, 00:38:37
 1490, 32, 18, 0, 1, 0, 1, 00:33:47, 00:38:47
 1159, 25, 14, 0, 1, 0, 4, 00:33:58, 00:38:58
 1305, 9, 16, 1, 1, 7, 5, 00:37:07, 00:39:07
 926, 35, 11, 1, 1, 5, 4, 00:35:31, 00:39:31
 347, 23, 4, 1, 1, 7, 9, 00:34:34, 00:39:34
 156, 75, 1, 1, 1, 10, 1, 00:37:45, 00:39:45
 911, 20, 11, 0, 1, 0, 7, 00:37:12, 00:40:12
 1526, 68, 18, 0, 1, 0, 2, 00:36:32, 00:40:32
 1080, 27, 13, 1, 1, 3, 8, 00:37:33, 00:40:33
 285, 42, 3, 1, 1, 5, 5, 00:38:50, 00:40:50
 848, 38, 10, 0, 1, 0, 8, 00:38, 00:41
 750, 21, 9, 0, 1, 0, 3, 00:36:13, 00:41:13
 868, 58, 10, 1, 1, 8, 4, 00:37:21, 00:41:21
 80, 80, 0, 1, 1, 9, 5, 00:35:56, 00:41:56
 673, 25, 8, 1, 1, 1, 4, 00:39, 00:42
 87, 6, 1, 0, 1, 0, 2, 00:39:21, 00:42:21
 127, 46, 1, 0, 0, 0, 0, 00:39:47, 00:42:47
 694, 46, 8, 1, 1, 5, 6, 00:40:08, 00:43:08
 1533, 75, 18, 1, 1, 4, 10, 00:38:19, 00:43:19
 1223, 8, 15, 1, 1, 1, 5, 00:40:20, 00:43:20
 1516, 58, 18, 1, 1, 10, 1, 00:41:27, 00:43:27
 665, 17, 8, 1, 1, 3, 8, 00:37:45, 00:43:45
 557, 71, 6, 1, 1, 5, 4, 00:37:50, 00:43:50
 1064, 11, 13, 1, 1, 3, 2, 00:42, 00:44
 1405, 28, 17, 0, 0, 0, 0, 00:39:22, 00:44:22
 308, 65, 3, 1, 1, 8, 4, 00:41:56, 00:44:56
 128, 47, 1, 1, 1, 7, 6, 00:43:02, 00:45:02
 90, 9, 1, 1, 1, 5, 10, 00:43:55, 00:45:55
 1175, 41, 14, 1, 1, 3, 4, 00:40:14, 00:46:14
 1381, 4, 17, 1, 1, 8, 4, 00:42:15, 00:46:15
 1083, 30, 13, 0, 1, 0, 5, 00:40:22, 00:46:22
 538, 52, 6, 1, 1, 6, 5, 00:43:39, 00:46:39
 493, 7, 6, 0, 1, 0, 2, 00:43:09, 00:47:09
 340, 16, 4, 0, 0, 0, 0, 00:42:11, 00:47:11
 1107, 54, 13, 0, 1, 0, 2, 00:41:32, 00:47:32
 208, 46, 2, 1, 1, 1, 2, 00:42:33, 00:47:33
 632, 65, 7, 1, 1, 1, 1, 00:43:34, 00:47:34
 1538, 80, 18, 1, 1, 2, 4, 00:43:35, 00:47:35
 879, 69, 10, 1, 1, 9, 8, 00:43:48, 00:47:48
 1185, 51, 14, 0, 0, 0, 0, 00:45:55, 00:47:55
 1515, 57, 18, 0, 1, 0, 10, 00:43:01, 00:48:01
 1247, 32, 15, 1, 1, 9, 9, 00:42:23, 00:48:23
 18, 18, 0, 1, 1, 4, 10, 00:46:46, 00:48:46
 392, 68, 4, 0, 0, 0, 0, 00:43:19, 00:49:19
 1406, 29, 17, 0, 1, 0, 6, 00:43:29, 00:49:29
 1197, 63, 14, 0, 1, 0, 7, 00:43:42, 00:49:42
 621, 54, 7, 1, 1, 1, 7, 00:44:21, 00:50:21
 1329, 33, 16, 0, 1, 0, 4, 00:47:23, 00:50:23
 59, 59, 0, 0, 0, 0, 0, 00:48:27, 00:50:27
 536, 50, 6, 1, 1, 1, 4, 00:48:31, 00:50:31
 1052, 80, 12, 1, 1, 5, 5, 00:44:31, 00:50:31
 990, 18, 12, 1, 1, 1, 1, 00:45:50, 00:50:50
 927, 36, 11, 0, 1, 0, 3, 00:45:53, 00:50:53
 312, 69, 3, 1, 1, 7, 2, 00:48:55, 00:50:55
 841, 31, 10, 1, 1, 4, 4, 00:46:58, 00:50:58
 887, 77, 10, 1, 1, 3, 6, 00:47:09, 00:51:09
 900, 9, 11, 0, 0, 0, 0, 00:47:14, 00:51:14
 638, 71, 7, 1, 1, 8, 2, 00:48:17, 00:51:17
 1506, 48, 18, 1, 1, 1, 10, 00:45:29, 00:51:29
 391, 67, 4, 0, 1, 0, 3, 00:49:46, 00:51:46
 1098, 45, 13, 0, 1, 0, 8, 00:46:51, 00:51:51
 150, 69, 1, 0, 0, 0, 0, 00:49:52, 00:51:52
 379, 55, 4, 0, 1, 0, 4, 00:46:58, 00:51:58
 655, 7, 8, 0, 0, 0, 0, 00:48:03, 00:52:03
 1014, 42, 12, 0, 1, 0, 9, 00:48:17, 00:52:17
 1100, 47, 13, 1, 1, 7, 6, 00:49:52, 00:52:52
 244, 1, 3, 0, 1, 0, 5, 00:47:12, 00:53:12
 107, 26, 1, 1, 1, 9, 8, 00:51:13, 00:53:13
 507, 21, 6, 0, 0, 0, 0, 00:47:30, 00:53:30
 1469, 11, 18, 1, 1, 3, 8, 00:49:44, 00:53:44
 387, 63, 4, 1, 1, 10, 2, 00:49:48, 00:53:48
 31, 31, 0, 0, 1, 0, 5, 00:51:49, 00:53:49
 923, 32, 11, 1, 1, 1, 3, 00:51:52, 00:53:52
 835, 25, 10, 1, 1, 8, 9, 00:50:59, 00:53:59
 310, 67, 3, 1, 1, 2, 9, 00:48:14, 00:54:14
 753, 24, 9, 1, 1, 2, 6, 00:49:15, 00:54:15
 1106, 53, 13, 0, 1, 0, 5, 00:52:33, 00:54:33
 1262, 47, 15, 0, 1, 0, 4, 00:51:33, 00:54:33
 20, 20, 0, 0, 0, 0, 0, 00:52:46, 00:54:46
 1150, 16, 14, 0, 1, 0, 5, 00:48:53, 00:54:53
 222, 60, 2, 0, 0, 0, 0, 00:51:01, 00:55:01
 1127, 74, 13, 1, 1, 7, 6, 00:50:15, 00:55:15
 0, 0, 0, 1, 1, 4, 6, 00:53:45, 00:55:45
 179, 17, 2, 0, 0, 0, 0, 00:52, 00:56
 286, 43, 3, 1, 1, 1, 8, 00:52:30, 00:56:30
 1222, 7, 15, 1, 1, 5, 4, 00:54:32, 00:56:32
 196, 34, 2, 1, 1, 4, 10, 00:53:35, 00:56:35
 287, 44, 3, 0, 0, 0, 0, 00:52:44, 00:56:44
 996, 24, 12, 1, 1, 1, 1, 00:51:08, 00:57:08
 1108, 55, 13, 0, 0, 0, 0, 00:51:10, 00:57:10
 987, 15, 12, 1, 1, 10, 3, 00:54:37, 00:57:37
 1355, 59, 16, 1, 1, 4, 8, 00:54:44, 00:57:44
 525, 39, 6, 1, 1, 7, 8, 00:55:54, 00:57:54
 813, 3, 10, 0, 0, 0, 0, 00:53:25, 00:58:25
 81, 0, 1, 1, 1, 6, 6, 00:55:26, 00:58:26
 1294, 79, 15, 0, 0, 0, 0, 00:53:30, 00:58:30
 98, 17, 1, 0, 1, 0, 6, 00:53:38, 00:58:38
 27, 27, 0, 1, 1, 6, 1, 00:53:02, 00:59:02
 468, 63, 5, 1, 1, 7, 6, 00:57:06, 00:59:06
 234, 72, 2, 1, 1, 10, 3, 00:54:07, 00:59:07
 775, 46, 9, 1, 1, 5, 3, 00:55:10, 00:59:10
 1438, 61, 17, 1, 1, 4, 7, 00:57:12, 00:59:12
 1140, 6, 14, 0, 1, 0, 7, 00:54:28, 00:59:28
 86, 5, 1, 0, 0, 0, 0, 00:53:58, 00:59:58
 131, 50, 1, 1, 1, 1, 1, 00:55:12, 01:00:12
 510, 24, 6, 0, 1, 0, 6, 00:56:17, 01:00:17
 748, 19, 9, 0, 0, 0, 0, 00:54:28, 01:00:28
 459, 54, 5, 1, 1, 5, 1, 00:58:29, 01:00:29
 531, 45, 6, 1, 1, 9, 6, 00:56:33, 01:00:33
 1417, 40, 17, 0, 1, 0, 5, 00:57:45, 01:00:45
 1505, 47, 18, 1, 1, 7, 1, 00:58:15, 01:01:15
 1048, 76, 12, 1, 1, 2, 10, 00:56:18, 01:01:18
 104, 23, 1, 1, 1, 2, 5, 00:56:26, 01:01:26
 933, 42, 11, 1, 1, 6, 5, 00:59:45, 01:01:45
 175, 13, 2, 1, 1, 6, 4, 00:58:59, 01:01:59
 804, 75, 9, 1, 1, 6, 2, 00:58, 01:02
 332, 8, 4, 1, 1, 6, 2, 00:57:23, 01:02:23
 925, 34, 11, 0, 0, 0, 0, 00:57:31, 01:02:31
 414, 9, 5, 1, 1, 4, 10, 00:58:07, 01:03:07
 1082, 29, 13, 1, 1, 10, 3, 01:01:26, 01:03:26
 1304, 8, 16, 1, 1, 6, 1, 00:57:28, 01:03:28
 1035, 63, 12, 1, 1, 10, 7, 00:59:42, 01:03:42
 970, 79, 11, 0, 1, 0, 9, 01:02:15, 01:04:15
 500, 14, 6, 0, 1, 0, 1, 01:00:19, 01:04:19
 443, 38, 5, 1, 1, 8, 3, 00:58:26, 01:04:26
 1196, 62, 14, 1, 1, 3, 10, 01:02:28, 01:04:28
 226, 64, 2, 1, 1, 9, 4, 00:59:43, 01:04:43
 344, 20, 4, 0, 1, 0, 6, 00:58:47, 01:04:47
 1303, 7, 16, 0, 1, 0, 9, 00:59:51, 01:04:51
 766, 37, 9, 1, 1, 6, 1, 01:00:52, 01:04:52
 940, 49, 11, 1, 1, 1, 7, 01:00:58, 01:04:58
 362, 38, 4, 1, 1, 9, 9, 01:00:09, 01:05:09
 730, 1, 9, 1, 1, 7, 4, 01:03:22, 01:05:22
 1022, 50, 12, 0, 1, 0, 10, 01:01:22, 01:05:22
 295, 52, 3, 0, 0, 0, 0, 01:03:23, 01:05:23
 792, 63, 9, 0, 1, 0, 2, 00:59:43, 01:05:43
 729, 0, 9, 0, 1, 0, 6, 01:01:44, 01:05:44
 1467, 9, 18, 1, 1, 5, 8, 01:00:09, 01:06:09
 1128, 75, 13, 0, 0, 0, 0, 01:04:20, 01:06:20
 1419, 42, 17, 0, 0, 0, 0, 01:03:28, 01:07:28
 247, 4, 3, 0, 1, 0, 1, 01:01:47, 01:07:47
 1431, 54, 17, 1, 1, 5, 4, 01:04:48, 01:07:48
 1368, 72, 16, 1, 1, 3, 3, 01:06:21, 01:08:21
 1349, 53, 16, 0, 1, 0, 4, 01:03:36, 01:08:36
 1441, 64, 17, 1, 1, 2, 10, 01:05:12, 01:09:12
 959, 68, 11, 1, 1, 3, 1, 01:06:20, 01:09:20
 108, 27, 1, 0, 0, 0, 0, 01:06:16, 01:10:16
 989, 17, 12, 1, 1, 4, 7, 01:07:37, 01:10:37
 368, 44, 4, 0, 1, 0, 1, 01:07:49, 01:10:49
 1207, 73, 14, 1, 1, 5, 5, 01:06:51, 01:10:51
 758, 29, 9, 1, 1, 4, 8, 01:09:11, 01:11:11
 123, 42, 1, 1, 1, 5, 3, 01:09:22, 01:11:22
 1036, 64, 12, 1, 1, 9, 2, 01:08:41, 01:11:41
 214, 52, 2, 0, 0, 0, 0, 01:07:50, 01:12:50
 441, 36, 5, 0, 1, 0, 1, 01:08:06, 01:13:06
 860, 50, 10, 1, 1, 5, 10, 01:09:08, 01:13:08
 1481, 23, 18, 1, 1, 7, 5, 01:11:09, 01:13:09
 1194, 60, 14, 1, 1, 10, 6, 01:09:25, 01:13:25
 165, 3, 2, 0, 1, 0, 9, 01:08:33, 01:13:33
 524, 38, 6, 0, 0, 0, 0, 01:08:37, 01:13:37
 972, 0, 12, 0, 1, 0, 8, 01:11:47, 01:13:47
 1216, 1, 15, 0, 1, 0, 1, 01:11:56, 01:13:56
 1055, 2, 13, 1, 1, 6, 8, 01:11:15, 01:14:15
 637, 70, 7, 0, 0, 0, 0, 01:08:19, 01:14:19
 1001, 29, 12, 1, 1, 10, 9, 01:11:39, 01:14:39
 623, 56, 7, 0, 0, 0, 0, 01:10:10, 01:15:10
 1301, 5, 16, 1, 1, 10, 3, 01:12:10, 01:15:10
 906, 15, 11, 0, 1, 0, 5, 01:11:15, 01:15:15
 809, 80, 9, 0, 1, 0, 5, 01:11:26, 01:15:26
 1203, 69, 14, 1, 1, 7, 10, 01:12:50, 01:15:50
 231, 69, 2, 1, 1, 3, 5, 01:12:54, 01:15:54
 824, 14, 10, 1, 1, 1, 4, 01:10:59, 01:15:59
 1509, 51, 18, 1, 1, 4, 1, 01:14:11, 01:16:11
 230, 68, 2, 1, 1, 10, 4, 01:10:13, 01:16:13
 371, 47, 4, 0, 1, 0, 10, 01:10:54, 01:16:54
 1421, 44, 17, 1, 1, 7, 10, 01:11:09, 01:17:09
 1040, 68, 12, 1, 1, 8, 7, 01:12:27, 01:17:27
 1378, 1, 17, 0, 0, 0, 0, 01:12:57, 01:17:57
 930, 39, 11, 1, 1, 9, 8, 01:15:13, 01:18:13
 957, 66, 11, 1, 1, 3, 7, 01:12:25, 01:18:25
 1358, 62, 16, 0, 0, 0, 0, 01:15:34, 01:18:34
 1112, 59, 13, 0, 1, 0, 7, 01:15:44, 01:18:44
 1285, 70, 15, 0, 1, 0, 7, 01:15:54, 01:18:54
 49, 49, 0, 0, 1, 0, 7, 01:13:55, 01:18:55
 553, 67, 6, 0, 0, 0, 0, 01:14:50, 01:19:50
 130, 49, 1, 1, 1, 9, 8, 01:14:21, 01:20:21
 444, 39, 5, 0, 1, 0, 1, 01:18:25, 01:20:25
 612, 45, 7, 0, 1, 0, 1, 01:17:26, 01:20:26
 1324, 28, 16, 1, 1, 5, 5, 01:17:37, 01:20:37
 21, 21, 0, 0, 0, 0, 0, 01:16:42, 01:20:42
 733, 4, 9, 1, 1, 3, 5, 01:18:33, 01:21:33
 1161, 27, 14, 0, 1, 0, 6, 01:15:42, 01:21:42
 528, 42, 6, 1, 1, 10, 2, 01:18:58, 01:21:58
 1032, 60, 12, 1, 1, 8, 2, 01:20:02, 01:22:02
 375, 51, 4, 0, 1, 0, 2, 01:20:06, 01:22:06
 605, 38, 7, 1, 1, 8, 5, 01:19:11, 01:22:11
 1296, 0, 16, 0, 1, 0, 5, 01:19:22, 01:22:22
 454, 49, 5, 1, 1, 9, 5, 01:20:39, 01:22:39
 390, 66, 4, 1, 1, 10, 3, 01:20:53, 01:22:53
 955, 64, 11, 0, 0, 0, 0, 01:18:58, 01:22:58
 741, 12, 9, 1, 1, 3, 7, 01:21:33, 01:23:33
 1110, 57, 13, 0, 1, 0, 1, 01:19:33, 01:23:33
 14, 14, 0, 0, 0, 0, 0, 01:18:42, 01:23:42
 728, 80, 8, 0, 0, 0, 0, 01:20:44, 01:23:44
 137, 56, 1, 1, 1, 7, 9, 01:19:56, 01:23:56
 351, 27, 4, 1, 1, 4, 10, 01:18:07, 01:24:07
 1499, 41, 18, 0, 1, 0, 9, 01:18:18, 01:24:18
 928, 37, 11, 0, 1, 0, 8, 01:21:19, 01:24:19
 772, 43, 9, 1, 1, 4, 10, 01:18:23, 01:24:23
 659, 11, 8, 0, 1, 0, 7, 01:20:55, 01:24:55
 1446, 69, 17, 0, 1, 0, 7, 01:18:55, 01:24:55
 866, 56, 10, 1, 1, 3, 6, 01:20, 01:25
 366, 42, 4, 1, 1, 6, 8, 01:20:03, 01:25:03
 1357, 61, 16, 1, 1, 9, 4, 01:23:05, 01:25:05
 584, 17, 7, 0, 0, 0, 0, 01:21:19, 01:25:19
 1350, 54, 16, 0, 0, 0, 0, 01:22:29, 01:25:29
 981, 9, 12, 0, 1, 0, 3, 01:22:44, 01:25:44
 943, 52, 11, 1, 1, 6, 1, 01:20:11, 01:26:11
 1021, 49, 12, 1, 1, 9, 2, 01:22:14, 01:26:14
 1255, 40, 15, 1, 1, 5, 8, 01:21:17, 01:26:17
 710, 62, 8, 0, 0, 0, 0, 01:21:25, 01:26:25
 527, 41, 6, 0, 1, 0, 10, 01:23:28, 01:26:28
 1418, 41, 17, 1, 1, 7, 6, 01:23:44, 01:26:44
 1184, 50, 14, 1, 1, 1, 1, 01:24:45, 01:26:45
 293, 50, 3, 0, 0, 0, 0, 01:21:51, 01:26:51
 677, 29, 8, 1, 1, 8, 9, 01:24:59, 01:26:59
 870, 60, 10, 0, 0, 0, 0, 01:25:10, 01:27:10
 2, 2, 0, 0, 1, 0, 3, 01:24:21, 01:27:21
 5, 5, 0, 1, 1, 2, 6, 01:24:31, 01:27:31
 1363, 67, 16, 1, 1, 2, 4, 01:24:02, 01:28:02
 754, 25, 9, 1, 1, 7, 8, 01:22:21, 01:28:21
 427, 22, 5, 1, 1, 10, 10, 01:24:25, 01:28:25
 1183, 49, 14, 1, 1, 7, 3, 01:24:28, 01:28:28
 1132, 79, 13, 0, 0, 0, 0, 01:25:36, 01:28:36
 1465, 7, 18, 0, 0, 0, 0, 01:23:53, 01:28:53
 1442, 65, 17, 0, 0, 0, 0, 01:23:10, 01:29:10
 103, 22, 1, 1, 1, 4, 9, 01:25:55, 01:29:55
 88, 7, 1, 1, 1, 3, 2, 01:24:13, 01:30:13
 765, 36, 9, 0, 0, 0, 0, 01:26:38, 01:30:38
 714, 66, 8, 0, 1, 0, 7, 01:26:57, 01:30:57
 61, 61, 0, 1, 1, 4, 10, 01:25:02, 01:31:02
 863, 53, 10, 1, 1, 9, 10, 01:25:27, 01:31:27
 552, 66, 6, 0, 1, 0, 3, 01:27:35, 01:31:35
 410, 5, 5, 1, 1, 4, 8, 01:25:42, 01:31:42
 932, 41, 11, 1, 1, 2, 9, 01:26:51, 01:31:51
 635, 68, 7, 0, 0, 0, 0, 01:30:15, 01:32:15
 755, 26, 9, 1, 1, 6, 6, 01:29:19, 01:32:19
 856, 46, 10, 1, 1, 5, 2, 01:30:37, 01:32:37
 948, 57, 11, 0, 1, 0, 6, 01:26:51, 01:32:51
 514, 28, 6, 0, 1, 0, 5, 01:30:07, 01:33:07
 722, 74, 8, 0, 1, 0, 6, 01:29:11, 01:33:11
 357, 33, 4, 0, 0, 0, 0, 01:30:28, 01:34:28
 1318, 22, 16, 1, 1, 10, 1, 01:29:30, 01:34:30
 821, 11, 10, 0, 0, 0, 0, 01:32:36, 01:34:36
 6, 6, 0, 0, 1, 0, 5, 01:29:38, 01:34:38
 546, 60, 6, 0, 0, 0, 0, 01:30:46, 01:34:46
 594, 27, 7, 0, 1, 0, 6, 01:30:47, 01:35:47
 1146, 12, 14, 1, 1, 6, 9, 01:32:03, 01:36:03
 42, 42, 0, 0, 0, 0, 0, 01:30:24, 01:36:24
 363, 39, 4, 1, 1, 2, 5, 01:30:28, 01:36:28
 822, 12, 10, 1, 1, 4, 7, 01:31:34, 01:36:34
 1375, 79, 16, 0, 0, 0, 0, 01:32:34, 01:36:34
 473, 68, 5, 1, 1, 10, 3, 01:34:40, 01:36:40
 158, 77, 1, 1, 1, 6, 10, 01:30:59, 01:36:59
 1059, 6, 13, 0, 0, 0, 0, 01:35:23, 01:38:23
 1129, 76, 13, 0, 0, 0, 0, 01:33:41, 01:38:41
 843, 33, 10, 1, 1, 3, 2, 01:35:47, 01:38:47
 1507, 49, 18, 1, 1, 4, 1, 01:34:13, 01:39:13
 1502, 44, 18, 1, 1, 3, 3, 01:37:19, 01:39:19
 682, 34, 8, 1, 1, 10, 2, 01:33:30, 01:39:30
 762, 33, 9, 0, 0, 0, 0, 01:37:42, 01:39:42
 743, 14, 9, 0, 0, 0, 0, 01:36:55, 01:39:55
 1086, 33, 13, 1, 1, 10, 3, 01:34:57, 01:39:57
 1531, 73, 18, 0, 1, 0, 7, 01:35:03, 01:40:03
 246, 3, 3, 1, 1, 7, 9, 01:35:17, 01:40:17
 1190, 56, 14, 0, 1, 0, 6, 01:37:30, 01:40:30
 608, 41, 7, 1, 1, 3, 7, 01:37:44, 01:40:44
 1462, 4, 18, 0, 1, 0, 2, 01:35:58, 01:40:58
 1073, 20, 13, 0, 0, 0, 0, 01:38:33, 01:41:33
 1290, 75, 15, 1, 1, 1, 7, 01:38:33, 01:41:33
 1351, 55, 16, 0, 1, 0, 2, 01:38:40, 01:41:40
 171, 9, 2, 0, 0, 0, 0, 01:39:43, 01:41:43
 1534, 76, 18, 0, 0, 0, 0, 01:39:22, 01:42:22
 567, 0, 7, 1, 1, 10, 10, 01:36:27, 01:42:27
 205, 43, 2, 0, 0, 0, 0, 01:36:49, 01:42:49
 649, 1, 8, 1, 1, 7, 7, 01:40:59, 01:42:59
 1253, 38, 15, 0, 1, 0, 2, 01:41:19, 01:43:19
 1258, 43, 15, 0, 1, 0, 1, 01:39:48, 01:43:48
 1212, 78, 14, 0, 1, 0, 5, 01:38:49, 01:43:49
 45, 45, 0, 0, 0, 0, 0, 01:40:53, 01:43:53
 880, 70, 10, 1, 1, 2, 7, 01:41:56, 01:43:56
 631, 64, 7, 1, 1, 7, 10, 01:39:05, 01:44:05
 852, 42, 10, 1, 1, 10, 4, 01:42:18, 01:44:18
 1170, 36, 14, 1, 1, 10, 4, 01:41:25, 01:44:25
 873, 63, 10, 1, 1, 10, 1, 01:38:33, 01:44:33
 609, 42, 7, 1, 1, 9, 5, 01:40:59, 01:44:59
 1116, 63, 13, 0, 0, 0, 0, 01:43:17, 01:45:17
 207, 45, 2, 1, 1, 10, 10, 01:42:28, 01:45:28
 604, 37, 7, 1, 1, 5, 2, 01:43:40, 01:45:40
 1097, 44, 13, 0, 0, 0, 0, 01:39:54, 01:45:54
 106, 25, 1, 0, 0, 0, 0, 01:43:56, 01:45:56
 698, 50, 8, 1, 1, 1, 7, 01:40:03, 01:46:03
 1007, 35, 12, 1, 1, 9, 10, 01:42:06, 01:46:06
 819, 9, 10, 0, 0, 0, 0, 01:42:26, 01:46:26
 243, 0, 3, 1, 1, 2, 1, 01:44:43, 01:46:43
 624, 57, 7, 1, 1, 4, 7, 01:40:49, 01:46:49
 878, 68, 10, 0, 1, 0, 5, 01:43:50, 01:46:50
 145, 64, 1, 0, 1, 0, 5, 01:40:55, 01:46:55
 504, 18, 6, 1, 1, 9, 1, 01:45:05, 01:47:05
 951, 60, 11, 0, 1, 0, 7, 01:45:25, 01:47:25
 874, 64, 10, 0, 0, 0, 0, 01:43:12, 01:48:12
 1136, 2, 14, 0, 0, 0, 0, 01:46:16, 01:48:16
 305, 62, 3, 0, 0, 0, 0, 01:45:21, 01:48:21
 1209, 75, 14, 1, 1, 10, 6, 01:45:22, 01:48:22
 52, 52, 0, 0, 1, 0, 5, 01:42:55, 01:48:55
 563, 77, 6, 0, 1, 0, 3, 01:47:13, 01:49:13
 101, 20, 1, 0, 0, 0, 0, 01:47:31, 01:49:31
 37, 37, 0, 0, 0, 0, 0, 01:44:36, 01:49:36
 1248, 33, 15, 0, 0, 0, 0, 01:46:40, 01:49:40
 211, 49, 2, 0, 0, 0, 0, 01:44:51, 01:49:51
 1425, 48, 17, 1, 1, 1, 2, 01:44:56, 01:49:56
 1267, 52, 15, 1, 1, 5, 4, 01:46:39, 01:50:39
 1387, 10, 17, 1, 1, 4, 4, 01:45:03, 01:51:03
 1342, 46, 16, 0, 1, 0, 6, 01:46:35, 01:51:35
 94, 13, 1, 1, 1, 6, 8, 01:47:38, 01:51:38
 96, 15, 1, 0, 0, 0, 0, 01:48:46, 01:51:46
 803, 74, 9, 0, 1, 0, 1, 01:45:55, 01:51:55
 117, 36, 1, 1, 1, 6, 10, 01:50:18, 01:52:18
 1362, 66, 16, 0, 1, 0, 6, 01:50:28, 01:52:28
 626, 59, 7, 0, 0, 0, 0, 01:50:03, 01:53:03
 1260, 45, 15, 0, 0, 0, 0, 01:48:15, 01:53:15
 936, 45, 11, 1, 1, 7, 8, 01:49:24, 01:53:24
 355, 31, 4, 0, 1, 0, 3, 01:47:32, 01:53:32
 726, 78, 8, 0, 1, 0, 1, 01:50:41, 01:53:41
 182, 20, 2, 0, 1, 0, 1, 01:51:43, 01:53:43
 274, 31, 3, 1, 1, 10, 6, 01:51:50, 01:53:50
 817, 7, 10, 0, 1, 0, 8, 01:47:59, 01:53:59
 749, 20, 9, 1, 1, 10, 8, 01:50:30, 01:54:30
 425, 20, 5, 1, 1, 3, 9, 01:49:04, 01:55:04
 1336, 40, 16, 1, 1, 9, 10, 01:49:09, 01:55:09
 485, 80, 5, 1, 1, 4, 5, 01:50:11, 01:55:11
 307, 64, 3, 1, 1, 6, 4, 01:50:29, 01:55:29
 1224, 9, 15, 1, 1, 2, 8, 01:53:42, 01:55:42
 1459, 1, 18, 0, 1, 0, 10, 01:50:34, 01:56:34
 350, 26, 4, 1, 1, 9, 10, 01:50:35, 01:56:35
 359, 35, 4, 1, 1, 3, 10, 01:54:40, 01:56:40
 1041, 69, 12, 0, 1, 0, 3, 01:52:50, 01:56:50
 323, 80, 3, 1, 1, 2, 5, 01:52:14, 01:57:14
 336, 12, 4, 0, 1, 0, 5, 01:53:29, 01:57:29
 907, 16, 11, 0, 1, 0, 9, 01:53:29, 01:57:29
 118, 37, 1, 1, 1, 2, 3, 01:51:46, 01:57:46
 456, 51, 5, 1, 1, 1, 8, 01:56, 01:58
 450, 45, 5, 1, 1, 7, 10, 01:52:13, 01:58:13
 1511, 53, 18, 1, 1, 10, 8, 01:53:27, 01:58:27
 653, 5, 8, 1, 1, 9, 5, 01:55:34, 01:58:34
 1451, 74, 17, 0, 0, 0, 0, 01:54:51, 01:58:51
 149, 68, 1, 0, 1, 0, 2, 01:56:52, 01:58:52
 664, 16, 8, 1, 1, 2, 7, 01:55:06, 01:59:06
 838, 28, 10, 0, 0, 0, 0, 01:57:26, 01:59:26
 644, 77, 7, 0, 1, 0, 4, 01:54:42, 01:59:42
 648, 0, 8, 0, 0, 0, 0, 01:53:43, 01:59:43
 816, 6, 10, 1, 1, 8, 3, 01:54:01, 02:00:01
 1051, 79, 12, 0, 1, 0, 1, 01:54:06, 02:00:06
 306, 63, 3, 1, 1, 6, 4, 01:57:08, 02:00:08
 834, 24, 10, 0, 0, 0, 0, 01:57:38, 02:00:38
 498, 12, 6, 1, 1, 7, 1, 01:57:45, 02:00:45
 718, 70, 8, 0, 0, 0, 0, 01:56:48, 02:00:48
 1180, 46, 14, 0, 1, 0, 8, 01:56:21, 02:01:21
 67, 67, 0, 1, 1, 5, 7, 01:55:41, 02:01:41
 1495, 37, 18, 0, 0, 0, 0, 01:56:57, 02:01:57
 1123, 70, 13, 1, 1, 4, 8, 01:59:01, 02:02:01
 1174, 40, 14, 0, 0, 0, 0, 01:58:51, 02:02:51
 1168, 34, 14, 1, 1, 8, 5, 01:57:57, 02:03:57
 963, 72, 11, 0, 0, 0, 0, 01:58:22, 02:04:22
 72, 72, 0, 0, 1, 0, 7, 01:58:24, 02:04:24
 1246, 31, 15, 1, 1, 2, 3, 02:01:54, 02:04:54
 788, 59, 9, 1, 1, 8, 5, 02:01:59, 02:04:59
 1376, 80, 16, 0, 1, 0, 3, 02:01:02, 02:05:02
 35, 35, 0, 1, 1, 2, 8, 02:00:06, 02:05:06
 1149, 15, 14, 0, 0, 0, 0, 02:00:17, 02:05:17
 193, 31, 2, 1, 1, 4, 4, 02:01:24, 02:05:24
 760, 31, 9, 1, 1, 8, 1, 02:01:25, 02:05:25
 1380, 3, 17, 1, 1, 3, 7, 02:01:26, 02:05:26
 186, 24, 2, 0, 1, 0, 6, 02:00:56, 02:05:56
 126, 45, 1, 0, 0, 0, 0, 02:01:08, 02:06:08
 1392, 15, 17, 0, 1, 0, 10, 02:03:11, 02:06:11
 827, 17, 10, 0, 0, 0, 0, 02:02:19, 02:06:19
 1000, 28, 12, 0, 0, 0, 0, 02:02:19, 02:06:19
 1005, 33, 12, 0, 0, 0, 0, 02:00:27, 02:06:27
 170, 8, 2, 1, 1, 4, 3, 02:04:45, 02:06:45
 1157, 23, 14, 1, 1, 9, 7, 02:02:51, 02:06:51
 921, 30, 11, 1, 1, 8, 10, 02:01:03, 02:07:03
 162, 0, 2, 1, 1, 7, 5, 02:04:11, 02:07:11
 1053, 0, 13, 0, 0, 0, 0, 02:04:14, 02:07:14
 1366, 70, 16, 1, 1, 4, 4, 02:01:14, 02:07:14
 1519, 61, 18, 0, 1, 0, 1, 02:01:36, 02:07:36
 1444, 67, 17, 0, 0, 0, 0, 02:02:48, 02:07:48
 1228, 13, 15, 0, 0, 0, 0, 02:04:49, 02:07:49
 839, 29, 10, 0, 1, 0, 5, 02:03:53, 02:07:53
 1251, 36, 15, 1, 1, 9, 7, 02:05:06, 02:08:06
 1463, 5, 18, 1, 1, 6, 8, 02:02:32, 02:08:32
 1109, 56, 13, 1, 1, 1, 6, 02:06:43, 02:08:43
 666, 18, 8, 0, 1, 0, 10, 02:03:46, 02:08:46
 1322, 26, 16, 1, 1, 9, 5, 02:06:55, 02:08:55
 1414, 37, 17, 1, 1, 10, 10, 02:04:59, 02:08:59
 134, 53, 1, 1, 1, 3, 4, 02:05:30, 02:09:30
 233, 71, 2, 0, 0, 0, 0, 02:05:03, 02:10:03
 309, 66, 3, 0, 1, 0, 8, 02:07:05, 02:10:05
 337, 13, 4, 1, 1, 9, 5, 02:07:27, 02:10:27
 97, 16, 1, 1, 1, 3, 3, 02:04:38, 02:10:38
 1498, 40, 18, 0, 0, 0, 0, 02:06:41, 02:10:41
 187, 25, 2, 1, 1, 5, 10, 02:06:43, 02:10:43
 615, 48, 7, 0, 0, 0, 0, 02:06:48, 02:10:48
 1293, 78, 15, 1, 1, 6, 2, 02:06:48, 02:10:48
 326, 2, 4, 0, 0, 0, 0, 02:07:52, 02:10:52
 717, 69, 8, 0, 1, 0, 5, 02:05:58, 02:10:58
 141, 60, 1, 0, 1, 0, 5, 02:07:13, 02:11:13
 48, 48, 0, 0, 0, 0, 0, 02:07:37, 02:11:37
 240, 78, 2, 0, 1, 0, 1, 02:05:46, 02:11:46
 895, 4, 11, 1, 1, 9, 10, 02:09:24, 02:12:24
 329, 5, 4, 1, 1, 10, 4, 02:08:40, 02:12:40
 188, 26, 2, 1, 1, 1, 5, 02:10:17, 02:13:17
 620, 53, 7, 1, 1, 8, 6, 02:09:19, 02:13:19
 41, 41, 0, 0, 0, 0, 0, 02:08:22, 02:13:22
 636, 69, 7, 0, 0, 0, 0, 02:08:46, 02:13:46
 408, 3, 5, 1, 1, 1, 6, 02:09:44, 02:14:44
 672, 24, 8, 1, 1, 7, 4, 02:11:47, 02:14:47
 491, 5, 6, 1, 1, 8, 9, 02:10:58, 02:14:58
 781, 52, 9, 1, 1, 7, 9, 02:09:02, 02:15:02
 858, 48, 10, 0, 1, 0, 2, 02:10:59, 02:15:59
 317, 74, 3, 1, 1, 8, 6, 02:13:46, 02:16:46
 1200, 66, 14, 1, 1, 7, 8, 02:11:09, 02:17:09
 1320, 24, 16, 0, 1, 0, 7, 02:15:14, 02:17:14
 282, 39, 3, 1, 1, 5, 2, 02:13:25, 02:17:25
 195, 33, 2, 0, 1, 0, 2, 02:14:26, 02:17:26
 991, 19, 12, 1, 1, 4, 10, 02:13:08, 02:18:08
 1340, 44, 16, 1, 1, 3, 6, 02:16:08, 02:18:08
 212, 50, 2, 0, 1, 0, 9, 02:14:11, 02:18:11
 154, 73, 1, 1, 1, 8, 9, 02:12:22, 02:18:22
 727, 79, 8, 0, 0, 0, 0, 02:12:33, 02:18:33
 601, 34, 7, 0, 1, 0, 9, 02:16:39, 02:18:39
 311, 68, 3, 0, 1, 0, 2, 02:16:56, 02:18:56
 173, 11, 2, 0, 0, 0, 0, 02:15:15, 02:19:15
 944, 53, 11, 0, 1, 0, 8, 02:17:31, 02:19:31
 1503, 45, 18, 0, 1, 0, 8, 02:14:46, 02:19:46
 65, 65, 0, 1, 1, 7, 8, 02:14:55, 02:19:55
 409, 4, 5, 1, 1, 3, 6, 02:17:56, 02:19:56
 568, 1, 7, 0, 1, 0, 1, 02:16:15, 02:20:15
 771, 42, 9, 1, 1, 2, 3, 02:16:19, 02:20:19
 146, 65, 1, 0, 1, 0, 6, 02:16:21, 02:20:21
 1328, 32, 16, 1, 1, 4, 5, 02:15:29, 02:20:29
 999, 27, 12, 1, 1, 1, 8, 02:16:38, 02:20:38
 1460, 2, 18, 1, 1, 3, 4, 02:15:51, 02:20:51
 1326, 30, 16, 0, 1, 0, 9, 02:17:41, 02:22:41
 1440, 63, 17, 0, 1, 0, 8, 02:19:22, 02:23:22
 1204, 70, 14, 1, 1, 10, 1, 02:19:32, 02:23:32
 793, 64, 9, 1, 1, 1, 2, 02:20:03, 02:24:03
 1364, 68, 16, 1, 1, 7, 9, 02:20:14, 02:24:14
 1254, 39, 15, 0, 1, 0, 9, 02:22:32, 02:24:32
 894, 3, 11, 1, 1, 5, 8, 02:21:17, 02:25:17
 341, 17, 4, 0, 0, 0, 0, 02:23:19, 02:25:19
 166, 4, 2, 1, 1, 3, 2, 02:19:32, 02:25:32
 701, 53, 8, 1, 1, 6, 9, 02:20:10, 02:26:10
 513, 27, 6, 1, 1, 6, 6, 02:22:45, 02:26:45
 1482, 24, 18, 1, 1, 4, 5, 02:20:54, 02:26:54
 1031, 59, 12, 1, 1, 3, 3, 02:21:59, 02:26:59
 616, 49, 7, 1, 1, 10, 10, 02:23, 02:27
 452, 47, 5, 1, 1, 4, 6, 02:24:10, 02:27:10
 385, 61, 4, 1, 1, 9, 3, 02:22:18, 02:27:18
 181, 19, 2, 1, 1, 7, 9, 02:25:48, 02:27:48
 83, 2, 1, 1, 1, 5, 6, 02:22:13, 02:28:13
 941, 50, 11, 1, 1, 6, 4, 02:23:17, 02:29:17
 322, 79, 3, 1, 1, 5, 4, 02:26:54, 02:30:54
 922, 31, 11, 1, 1, 1, 6, 02:26:54, 02:30:54
 899, 8, 11, 1, 1, 2, 8, 02:25:19, 02:31:19
 960, 69, 11, 0, 0, 0, 0, 02:28:21, 02:31:21
 1019, 47, 12, 1, 1, 8, 6, 02:29:35, 02:31:35
 1455, 78, 17, 0, 0, 0, 0, 02:26:36, 02:31:36
 1118, 65, 13, 0, 0, 0, 0, 02:26:16, 02:32:16
 218, 56, 2, 0, 1, 0, 5, 02:29:29, 02:32:29
 1179, 45, 14, 0, 1, 0, 3, 02:30:39, 02:33:39
 1403, 26, 17, 1, 1, 6, 1, 02:29:41, 02:33:41
 290, 47, 3, 1, 1, 4, 8, 02:31:52, 02:33:52
 225, 63, 2, 0, 1, 0, 8, 02:28:53, 02:33:53
 1018, 46, 12, 1, 1, 4, 2, 02:31:15, 02:34:15
 224, 62, 2, 0, 1, 0, 3, 02:28:17, 02:34:17
 602, 35, 7, 1, 1, 3, 1, 02:28:21, 02:34:21
 920, 29, 11, 1, 1, 7, 4, 02:30:26, 02:34:26
 652, 4, 8, 1, 1, 1, 7, 02:30:31, 02:34:31
 258, 15, 3, 0, 0, 0, 0, 02:29:52, 02:34:52
 1229, 14, 15, 1, 1, 1, 9, 02:28:58, 02:34:58
 833, 23, 10, 0, 1, 0, 5, 02:29:03, 02:35:03
 1291, 76, 15, 1, 1, 4, 5, 02:33:26, 02:35:26
 1501, 43, 18, 1, 1, 9, 9, 02:30:56, 02:35:56
 34, 34, 0, 1, 1, 4, 3, 02:30:05, 02:36:05
 102, 21, 1, 0, 0, 0, 0, 02:34:44, 02:36:44
 590, 23, 7, 0, 1, 0, 8, 02:30:47, 02:36:47
 931, 40, 11, 0, 0, 0, 0, 02:30:51, 02:36:51
 523, 37, 6, 0, 1, 0, 1, 02:34:04, 02:37:04
 257, 14, 3, 1, 1, 3, 8, 02:35:05, 02:37:05
 440, 35, 5, 0, 0, 0, 0, 02:32:06, 02:37:06
 971, 80, 11, 0, 1, 0, 1, 02:31:10, 02:37:10
 1354, 58, 16, 0, 1, 0, 8, 02:34:19, 02:37:19
 756, 27, 9, 0, 0, 0, 0, 02:33:22, 02:37:22
 865, 55, 10, 1, 1, 1, 4, 02:31:31, 02:37:31
 58, 58, 0, 1, 1, 10, 7, 02:32:54, 02:37:54
 1075, 22, 13, 0, 0, 0, 0, 02:33:57, 02:37:57
 469, 64, 5, 0, 0, 0, 0, 02:35:02, 02:38:02
 1300, 4, 16, 1, 1, 5, 8, 02:33:17, 02:38:17
 962, 71, 11, 0, 1, 0, 9, 02:32:23, 02:38:23
 526, 40, 6, 0, 0, 0, 0, 02:34:25, 02:38:25
 1025, 53, 12, 1, 1, 5, 8, 02:34:30, 02:38:30
 453, 48, 5, 1, 1, 7, 10, 02:36:36, 02:38:36
 93, 12, 1, 0, 0, 0, 0, 02:34:37, 02:39:37
 1352, 56, 16, 0, 1, 0, 2, 02:36, 02:40
 679, 31, 8, 0, 1, 0, 4, 02:35:36, 02:40:36
 474, 69, 5, 0, 0, 0, 0, 02:38:41, 02:40:41
 50, 50, 0, 1, 1, 2, 9, 02:37:54, 02:40:54
 533, 47, 6, 0, 1, 0, 7, 02:36:25, 02:41:25
 1050, 78, 12, 0, 0, 0, 0, 02:37:34, 02:41:34
 791, 62, 9, 0, 1, 0, 2, 02:39:37, 02:41:37
 499, 13, 6, 0, 1, 0, 9, 02:38:41, 02:41:41
 1321, 25, 16, 1, 1, 6, 5, 02:39:54, 02:41:54
 651, 3, 8, 1, 1, 4, 1, 02:36:58, 02:41:58
 530, 44, 6, 1, 1, 3, 7, 02:36:07, 02:42:07
 534, 48, 6, 0, 1, 0, 2, 02:40:30, 02:42:30
 353, 29, 4, 1, 1, 6, 10, 02:37:40, 02:42:40
 1426, 49, 17, 1, 1, 2, 4, 02:37:46, 02:42:46
 517, 31, 6, 0, 0, 0, 0, 02:41:34, 02:43:34
 861, 51, 10, 0, 0, 0, 0, 02:37:41, 02:43:41
 919, 28, 11, 0, 0, 0, 0, 02:39:52, 02:43:52
 132, 51, 1, 1, 1, 4, 4, 02:39:30, 02:44:30
 294, 51, 3, 1, 1, 10, 8, 02:40:30, 02:44:30
 689, 41, 8, 1, 1, 3, 2, 02:39:33, 02:44:33
 918, 27, 11, 1, 1, 3, 3, 02:39:34, 02:44:34
 55, 55, 0, 1, 1, 7, 1, 02:40:37, 02:44:37
 430, 25, 5, 1, 1, 3, 1, 02:41:44, 02:44:44
 998, 26, 12, 0, 1, 0, 4, 02:40:45, 02:44:45
 707, 59, 8, 1, 1, 2, 3, 02:38:53, 02:44:53
 68, 68, 0, 0, 1, 0, 2, 02:41:16, 02:45:16
 678, 30, 8, 0, 1, 0, 6, 02:41:19, 02:45:19
 251, 8, 3, 1, 1, 8, 1, 02:43:25, 02:45:25
 1160, 26, 14, 0, 1, 0, 8, 02:39:53, 02:45:53
 511, 25, 6, 0, 0, 0, 0, 02:42:58, 02:45:58
 1394, 17, 17, 1, 1, 3, 6, 02:41:59, 02:45:59
 318, 75, 3, 1, 1, 3, 1, 02:41:25, 02:46:25
 151, 70, 1, 1, 1, 1, 3, 02:40:34, 02:46:34
 358, 34, 4, 0, 1, 0, 7, 02:42:45, 02:46:45
 29, 29, 0, 0, 1, 0, 10, 02:42:48, 02:46:48
 271, 28, 3, 0, 1, 0, 2, 02:44:52, 02:46:52
 744, 15, 9, 0, 0, 0, 0, 02:40:58, 02:46:58
 914, 23, 11, 0, 0, 0, 0, 02:41:23, 02:47:23
 1489, 31, 18, 0, 0, 0, 0, 02:45:27, 02:48:27
 9, 9, 0, 0, 0, 0, 0, 02:46:41, 02:48:41
 495, 9, 6, 0, 1, 0, 5, 02:44:41, 02:48:41
 1430, 53, 17, 0, 1, 0, 2, 02:44:04, 02:49:04
 508, 22, 6, 1, 1, 2, 1, 02:44:13, 02:49:13
 912, 21, 11, 1, 1, 7, 10, 02:45:37, 02:49:37
 458, 53, 5, 1, 1, 6, 6, 02:43:41, 02:49:41
 548, 62, 6, 1, 1, 5, 1, 02:45:49, 02:49:49
 867, 57, 10, 1, 1, 7, 3, 02:43:56, 02:49:56
 1072, 19, 13, 1, 1, 5, 8, 02:44:11, 02:50:11
 192, 30, 2, 0, 0, 0, 0, 02:48:41, 02:50:41
 703, 55, 8, 0, 1, 0, 6, 02:46:44, 02:50:44
 1043, 71, 12, 0, 1, 0, 9, 02:46:48, 02:50:48
 1104, 51, 13, 0, 0, 0, 0, 02:49:20, 02:51:20
 1390, 13, 17, 0, 1, 0, 4, 02:46:53, 02:51:53
 532, 46, 6, 0, 1, 0, 8, 02:46:57, 02:51:57
 1047, 75, 12, 0, 1, 0, 6, 02:49:34, 02:52:34
 1198, 64, 14, 1, 1, 1, 3, 02:48:34, 02:52:34
 1101, 48, 13, 1, 1, 5, 9, 02:48:37, 02:52:37
 298, 55, 3, 1, 1, 1, 9, 02:50:39, 02:52:39
 1199, 65, 14, 0, 1, 0, 7, 02:47:46, 02:52:46
 121, 40, 1, 0, 0, 0, 0, 02:47:53, 02:53:53
 905, 14, 11, 0, 1, 0, 7, 02:52:15, 02:54:15
 849, 39, 10, 0, 1, 0, 7, 02:48:29, 02:54:29
 1369, 73, 16, 1, 1, 4, 4, 02:49:31, 02:54:31
 99, 18, 1, 1, 1, 2, 9, 02:51:54, 02:54:54
 893, 2, 11, 0, 1, 0, 8, 02:52:03, 02:55:03
 490, 4, 6, 1, 1, 5, 3, 02:53:16, 02:55:16
 544, 58, 6, 1, 1, 9, 5, 02:49:24, 02:55:24
 417, 12, 5, 0, 1, 0, 9, 02:52:27, 02:55:27
 147, 66, 1, 0, 1, 0, 6, 02:53:29, 02:55:29
 1256, 41, 15, 0, 0, 0, 0, 02:53:42, 02:55:42
 46, 46, 0, 0, 0, 0, 0, 02:53:29, 02:56:29
 466, 61, 5, 0, 0, 0, 0, 02:55:10, 02:57:10
 1408, 31, 17, 1, 1, 6, 7, 02:54:18, 02:57:18
 492, 6, 6, 1, 1, 8, 9, 02:53:23, 02:57:23
 1117, 64, 13, 0, 0, 0, 0, 02:53:32, 02:57:32
 1383, 6, 17, 0, 1, 0, 9, 02:52:03, 02:58:03
 691, 43, 8, 1, 1, 4, 10, 02:54:07, 02:58:07
 299, 56, 3, 0, 0, 0, 0, 02:53:23, 02:58:23
 825, 15, 10, 1, 1, 5, 7, 02:54:25, 02:58:25
 1208, 74, 14, 0, 1, 0, 10, 02:54:25, 02:58:25
 958, 67, 11, 0, 1, 0, 4, 02:53:31, 02:58:31
 1143, 9, 14, 0, 0, 0, 0, 02:53:59, 02:58:59
 1288, 73, 15, 0, 0, 0, 0, 02:54:37, 02:59:37
 747, 18, 9, 1, 1, 1, 10, 02:54:50, 02:59:50
 1081, 28, 13, 0, 1, 0, 5, 02:57:54, 02:59:54
 888, 78, 10, 1, 1, 4, 7, 02:54:07, 03:00:07
 69, 69, 0, 0, 1, 0, 3, 02:58:11, 03:00:11
 431, 26, 5, 1, 1, 9, 4, 02:54:20, 03:00:20
 1286, 71, 15, 1, 1, 9, 3, 02:54:36, 03:00:36
 152, 71, 1, 1, 1, 9, 9, 02:56:51, 03:00:51
 122, 41, 1, 0, 1, 0, 8, 02:56:58, 03:00:58
 704, 56, 8, 0, 0, 0, 0, 02:58:16, 03:01:16
 993, 21, 12, 0, 1, 0, 5, 02:58:21, 03:01:21
 647, 80, 7, 0, 0, 0, 0, 02:55:23, 03:01:23
 1391, 14, 17, 1, 1, 2, 5, 02:59:43, 03:01:43
 1037, 65, 12, 1, 1, 8, 5, 02:56:49, 03:01:49
 135, 54, 1, 1, 1, 3, 10, 02:58:54, 03:01:54
 168, 6, 2, 0, 1, 0, 8, 02:55:57, 03:01:57
 693, 45, 8, 1, 1, 5, 9, 02:58:44, 03:02:44
 416, 11, 5, 0, 1, 0, 5, 02:56:46, 03:02:46
 1456, 79, 17, 1, 1, 3, 4, 02:56:55, 03:02:55
 374, 50, 4, 0, 1, 0, 5, 03:01:06, 03:03:06
 683, 35, 8, 1, 1, 2, 4, 02:57:32, 03:03:32
 92, 11, 1, 1, 1, 4, 8, 03:01:09, 03:04:09
 738, 9, 9, 0, 1, 0, 1, 02:59:10, 03:04:10
 1151, 17, 14, 1, 1, 2, 2, 03:01:36, 03:04:36
 1273, 58, 15, 0, 0, 0, 0, 02:58:42, 03:04:42
 338, 14, 4, 0, 1, 0, 9, 03:02:49, 03:04:49
 256, 13, 3, 0, 0, 0, 0, 02:59:52, 03:04:52
 938, 47, 11, 1, 1, 1, 8, 03:01:06, 03:05:06
 716, 68, 8, 1, 1, 9, 1, 03:02:07, 03:05:07
 38, 38, 0, 0, 0, 0, 0, 03:01:44, 03:05:44
 89, 8, 1, 0, 1, 0, 7, 03:03:07, 03:06:07
 367, 43, 4, 1, 1, 6, 7, 03:01:20, 03:06:20
 153, 72, 1, 1, 1, 10, 2, 03:02:23, 03:06:23
 394, 70, 4, 0, 1, 0, 7, 03:04:33, 03:06:33
 805, 76, 9, 0, 0, 0, 0, 03:03:56, 03:06:56
 618, 51, 7, 1, 1, 1, 5, 03:04:58, 03:06:58
 463, 58, 5, 1, 1, 5, 3, 03:01, 03:07
 692, 44, 8, 0, 1, 0, 8, 03:02:03, 03:07:03
 910, 19, 11, 1, 1, 9, 5, 03:02:08, 03:07:08
 167, 5, 2, 1, 1, 3, 6, 03:04:12, 03:07:12
 761, 32, 9, 0, 0, 0, 0, 03:02:38, 03:07:38
 1284, 69, 15, 0, 1, 0, 6, 03:04:38, 03:07:38
 1201, 67, 14, 1, 1, 7, 8, 03:04:43, 03:07:43
 555, 69, 6, 1, 1, 2, 8, 03:06:03, 03:08:03
 967, 76, 11, 1, 1, 1, 3, 03:06:17, 03:08:17
 296, 53, 3, 1, 1, 6, 8, 03:05:37, 03:08:37
 1458, 0, 18, 1, 1, 5, 4, 03:06:40, 03:08:40
 157, 76, 1, 1, 1, 9, 4, 03:03:43, 03:08:43
 143, 62, 1, 1, 1, 5, 9, 03:04:56, 03:08:56
 1427, 50, 17, 0, 0, 0, 0, 03:03:15, 03:09:15
 814, 4, 10, 1, 1, 1, 1, 03:05:27, 03:09:27
 489, 3, 6, 0, 1, 0, 8, 03:05:52, 03:09:52
 994, 22, 12, 1, 1, 3, 7, 03:07:54, 03:09:54
 934, 43, 11, 1, 1, 1, 2, 03:05:19, 03:10:19
 1353, 57, 16, 1, 1, 3, 5, 03:05:19, 03:10:19
 829, 19, 10, 0, 0, 0, 0, 03:05:50, 03:10:50
 396, 72, 4, 0, 0, 0, 0, 03:07:02, 03:11:02
 658, 10, 8, 0, 1, 0, 6, 03:06:09, 03:11:09
 1476, 18, 18, 0, 1, 0, 1, 03:08:12, 03:11:12
 913, 22, 11, 1, 1, 10, 3, 03:09:33, 03:11:33
 541, 55, 6, 1, 1, 2, 7, 03:06:51, 03:11:51
 1449, 72, 17, 0, 0, 0, 0, 03:09:54, 03:11:54
 1308, 12, 16, 0, 0, 0, 0, 03:08:01, 03:12:01
 806, 77, 9, 0, 0, 0, 0, 03:09:06, 03:12:06
 461, 56, 5, 0, 1, 0, 4, 03:10:23, 03:12:23
 400, 76, 4, 1, 1, 9, 7, 03:07:42, 03:12:42
 607, 40, 7, 0, 0, 0, 0, 03:10:54, 03:12:54
 1407, 30, 17, 0, 0, 0, 0, 03:11:11, 03:13:11
 935, 44, 11, 0, 1, 0, 10, 03:11:14, 03:13:14
 1113, 60, 13, 0, 1, 0, 3, 03:09:53, 03:13:53
 529, 43, 6, 0, 1, 0, 8, 03:11:56, 03:13:56
 778, 49, 9, 1, 1, 5, 5, 03:09:11, 03:14:11
 91, 10, 1, 0, 0, 0, 0, 03:12:39, 03:14:39
 1492, 34, 18, 0, 0, 0, 0, 03:12:59, 03:14:59
 1239, 24, 15, 0, 0, 0, 0, 03:11:09, 03:15:09
 1310, 14, 16, 0, 1, 0, 5, 03:13:49, 03:15:49
 1010, 38, 12, 0, 1, 0, 9, 03:12:50, 03:15:50
 75, 75, 0, 0, 1, 0, 1, 03:10:02, 03:16:02
 1396, 19, 17, 0, 0, 0, 0, 03:12:07, 03:16:07
 426, 21, 5, 0, 0, 0, 0, 03:13:22, 03:16:22
 1401, 24, 17, 0, 0, 0, 0, 03:14:03, 03:17:03
 687, 39, 8, 0, 1, 0, 5, 03:12:19, 03:17:19
 903, 12, 11, 0, 1, 0, 7, 03:15:19, 03:17:19
 1325, 29, 16, 1, 1, 8, 3, 03:13:35, 03:17:35
 1457, 80, 17, 0, 1, 0, 5, 03:12:57, 03:17:57
 1470, 12, 18, 1, 1, 4, 10, 03:15:05, 03:18:05
 345, 21, 4, 1, 1, 5, 7, 03:14:33, 03:18:33
 422, 17, 5, 1, 1, 9, 2, 03:13:34, 03:18:34
 1058, 5, 13, 1, 1, 9, 6, 03:14, 03:19
 1282, 67, 15, 0, 1, 0, 6, 03:15:04, 03:19:04
 342, 18, 4, 0, 0, 0, 0, 03:14:44, 03:19:44
 3, 3, 0, 1, 1, 4, 7, 03:16:53, 03:19:53
 512, 26, 6, 0, 0, 0, 0, 03:16:53, 03:19:53
 842, 32, 10, 1, 1, 10, 7, 03:14, 03:20
 667, 19, 8, 0, 0, 0, 0, 03:16:05, 03:20:05
 1023, 51, 12, 0, 1, 0, 4, 03:14:10, 03:20:10
 111, 30, 1, 1, 1, 4, 7, 03:18:31, 03:20:31
 76, 76, 0, 0, 1, 0, 9, 03:16:54, 03:20:54
 1065, 12, 13, 1, 1, 5, 2, 03:17:59, 03:20:59
 537, 51, 6, 0, 1, 0, 7, 03:16:23, 03:21:23
 1309, 13, 16, 1, 1, 3, 10, 03:19:23, 03:21:23
 433, 28, 5, 0, 0, 0, 0, 03:16:44, 03:21:44
 897, 6, 11, 0, 1, 0, 8, 03:18:47, 03:21:47
 1103, 50, 13, 0, 0, 0, 0, 03:19:08, 03:22:08
 1071, 18, 13, 0, 0, 0, 0, 03:18:13, 03:22:13
 1448, 71, 17, 1, 1, 7, 8, 03:16:17, 03:22:17
 909, 18, 11, 1, 1, 2, 5, 03:17:51, 03:22:51
 784, 55, 9, 0, 1, 0, 9, 03:19:04, 03:23:04
 1447, 70, 17, 0, 1, 0, 8, 03:21:11, 03:23:11
 708, 60, 8, 1, 1, 6, 10, 03:19:14, 03:23:14
 436, 31, 5, 0, 0, 0, 0, 03:19:17, 03:24:17
 774, 45, 9, 1, 1, 6, 10, 03:21:27, 03:24:27
 846, 36, 10, 0, 1, 0, 6, 03:19:58, 03:24:58
 389, 65, 4, 0, 0, 0, 0, 03:19:11, 03:25:11
 937, 46, 11, 0, 1, 0, 7, 03:19:29, 03:25:29
 796, 67, 9, 1, 1, 3, 7, 03:21:33, 03:25:33
 1311, 15, 16, 1, 1, 5, 6, 03:22:07, 03:26:07
 588, 21, 7, 0, 0, 0, 0, 03:24:09, 03:26:09
 8, 8, 0, 0, 1, 0, 9, 03:21:16, 03:26:16
 586, 19, 7, 1, 1, 2, 2, 03:23:19, 03:26:19
 434, 29, 5, 1, 1, 6, 3, 03:23:32, 03:26:32
 331, 7, 4, 0, 0, 0, 0, 03:20:38, 03:26:38
 668, 20, 8, 0, 0, 0, 0, 03:22:45, 03:26:45
 945, 54, 11, 1, 1, 1, 2, 03:22:01, 03:27:01
 1236, 21, 15, 1, 1, 5, 3, 03:25:04, 03:27:04
 327, 3, 4, 0, 1, 0, 3, 03:24:22, 03:27:22
 509, 23, 6, 1, 1, 3, 1, 03:21:30, 03:27:30
 1171, 37, 14, 0, 0, 0, 0, 03:22:35, 03:27:35
 110, 29, 1, 0, 0, 0, 0, 03:21:55, 03:27:55
 1281, 66, 15, 0, 1, 0, 5, 03:23:35, 03:28:35
 439, 34, 5, 1, 1, 2, 4, 03:22:38, 03:28:38
 270, 27, 3, 1, 1, 4, 2, 03:26:54, 03:28:54
 183, 21, 2, 0, 0, 0, 0, 03:27:07, 03:29:07
 560, 74, 6, 0, 1, 0, 1, 03:26:16, 03:29:16
 82, 1, 1, 0, 0, 0, 0, 03:25:30, 03:29:30
 1020, 48, 12, 0, 1, 0, 4, 03:24:57, 03:29:57
 1487, 29, 18, 0, 1, 0, 4, 03:26:07, 03:30:07
 1263, 48, 15, 0, 0, 0, 0, 03:24:10, 03:30:10
 348, 24, 4, 0, 0, 0, 0, 03:27:20, 03:30:20
 178, 16, 2, 0, 1, 0, 7, 03:26:53, 03:30:53
 675, 27, 8, 0, 0, 0, 0, 03:27:57, 03:30:57
 1386, 9, 17, 1, 1, 2, 2, 03:26:33, 03:31:33
 423, 18, 5, 1, 1, 2, 7, 03:26:57, 03:31:57
 840, 30, 10, 0, 1, 0, 3, 03:30:01, 03:32:01
 33, 33, 0, 0, 1, 0, 8, 03:26:20, 03:32:20
 203, 41, 2, 0, 0, 0, 0, 03:27:39, 03:32:39
 739, 10, 9, 1, 1, 7, 3, 03:28:43, 03:32:43
 354, 30, 4, 0, 0, 0, 0, 03:29:44, 03:32:44
 1439, 62, 17, 0, 1, 0, 2, 03:28:51, 03:32:51
 1276, 61, 15, 0, 0, 0, 0, 03:27:54, 03:32:54
 1192, 58, 14, 0, 0, 0, 0, 03:27:55, 03:32:55
 823, 13, 10, 1, 1, 7, 3, 03:29:02, 03:33:02
 1006, 34, 12, 1, 1, 1, 2, 03:28:22, 03:33:22
 84, 3, 1, 1, 1, 10, 10, 03:30:41, 03:33:41
 1121, 68, 13, 0, 1, 0, 1, 03:30:34, 03:34:34
 1, 1, 0, 0, 0, 0, 0, 03:30:40, 03:34:40
 837, 27, 10, 0, 0, 0, 0, 03:30:43, 03:34:43
 770, 41, 9, 1, 1, 10, 2, 03:31:58, 03:34:58
 449, 44, 5, 1, 1, 2, 8, 03:31, 03:35
 883, 73, 10, 1, 1, 4, 5, 03:33, 03:35
 1278, 63, 15, 0, 1, 0, 10, 03:32:09, 03:35:09
 1177, 43, 14, 0, 1, 0, 10, 03:32:20, 03:35:20
 393, 69, 4, 1, 1, 2, 9, 03:32:24, 03:35:24
 1422, 45, 17, 1, 1, 5, 2, 03:33:47, 03:35:47
 360, 36, 4, 1, 1, 3, 1, 03:29:53, 03:35:53
 1003, 31, 12, 1, 1, 5, 4, 03:32:59, 03:35:59
 1365, 69, 16, 1, 1, 8, 5, 03:33:01, 03:36:01
 1026, 54, 12, 1, 1, 5, 4, 03:30:25, 03:36:25
 315, 72, 3, 0, 0, 0, 0, 03:31:32, 03:36:32
 1298, 2, 16, 0, 1, 0, 7, 03:34:27, 03:37:27
 1027, 55, 12, 0, 0, 0, 0, 03:36:22, 03:38:22
 855, 45, 10, 0, 1, 0, 10, 03:36:04, 03:39:04
 674, 26, 8, 0, 0, 0, 0, 03:34:06, 03:39:06
 462, 57, 5, 1, 1, 4, 6, 03:34:15, 03:39:15
 1316, 20, 16, 0, 1, 0, 10, 03:36:21, 03:39:21
 451, 46, 5, 0, 0, 0, 0, 03:33:44, 03:39:44
 1004, 32, 12, 0, 1, 0, 2, 03:36:34, 03:40:34
 279, 36, 3, 0, 1, 0, 4, 03:38:41, 03:40:41
 428, 23, 5, 1, 1, 2, 3, 03:39:06, 03:41:06
 1327, 31, 16, 1, 1, 4, 8, 03:35:26, 03:41:26
 503, 17, 6, 1, 1, 10, 4, 03:39:37, 03:41:37
 421, 16, 5, 0, 0, 0, 0, 03:38:46, 03:41:46
 483, 78, 5, 1, 1, 3, 4, 03:35:46, 03:41:46
 229, 67, 2, 1, 1, 3, 4, 03:35:54, 03:41:54
 1443, 66, 17, 1, 1, 9, 10, 03:35:56, 03:41:56
 278, 35, 3, 1, 1, 2, 8, 03:40:10, 03:42:10
 844, 34, 10, 0, 1, 0, 1, 03:40:15, 03:42:15
 1070, 17, 13, 0, 1, 0, 9, 03:38:28, 03:42:28
 802, 73, 9, 0, 0, 0, 0, 03:39:29, 03:43:29
 1385, 8, 17, 0, 1, 0, 10, 03:41:35, 03:43:35
 1008, 36, 12, 0, 1, 0, 3, 03:40:39, 03:43:39
 56, 56, 0, 1, 1, 8, 1, 03:41:40, 03:43:40
 484, 79, 5, 1, 1, 1, 1, 03:41:48, 03:44:48
 384, 60, 4, 0, 0, 0, 0, 03:39:05, 03:45:05
 1344, 48, 16, 0, 1, 0, 4, 03:42:41, 03:45:41
 956, 65, 11, 0, 0, 0, 0, 03:40:12, 03:46:12
 564, 78, 6, 0, 0, 0, 0, 03:40:23, 03:46:23
 757, 28, 9, 1, 1, 1, 10, 03:40:28, 03:46:28
 1468, 10, 18, 0, 1, 0, 4, 03:44:16, 03:47:16
 1264, 49, 15, 0, 1, 0, 8, 03:44:20, 03:47:20
 639, 72, 7, 1, 1, 10, 1, 03:43:44, 03:47:44
 1158, 24, 14, 1, 1, 1, 4, 03:43:46, 03:47:46
 15, 15, 0, 0, 0, 0, 0, 03:41:48, 03:47:48
 26, 26, 0, 0, 0, 0, 0, 03:44:05, 03:48:05
 1213, 79, 14, 0, 0, 0, 0, 03:42:09, 03:48:09
 249, 6, 3, 0, 0, 0, 0, 03:44:35, 03:48:35
 1013, 41, 12, 1, 1, 9, 7, 03:42:50, 03:48:50
 325, 1, 4, 0, 0, 0, 0, 03:42:53, 03:48:53
 680, 32, 8, 1, 1, 1, 2, 03:44:54, 03:48:54
 316, 73, 3, 0, 0, 0, 0, 03:45:29, 03:49:29
 1122, 69, 13, 1, 1, 4, 6, 03:44:54, 03:49:54
 155, 74, 1, 1, 1, 1, 4, 03:45:55, 03:49:55
 645, 78, 7, 1, 1, 5, 10, 03:46:07, 03:50:07
 789, 60, 9, 1, 1, 1, 4, 03:47:13, 03:50:13
 1089, 36, 13, 1, 1, 9, 5, 03:48:14, 03:50:14
 129, 48, 1, 1, 1, 2, 5, 03:46:15, 03:50:15
 220, 58, 2, 0, 0, 0, 0, 03:45:16, 03:50:16
 643, 76, 7, 1, 1, 9, 7, 03:46:16, 03:50:16
 399, 75, 4, 1, 1, 8, 7, 03:46:20, 03:50:20
 629, 62, 7, 1, 1, 7, 3, 03:47:20, 03:50:20
 1144, 10, 14, 1, 1, 10, 3, 03:46:29, 03:50:29
 1169, 35, 14, 0, 1, 0, 1, 03:46:35, 03:50:35
 352, 28, 4, 0, 1, 0, 6, 03:44:37, 03:50:37
 715, 67, 8, 0, 0, 0, 0, 03:45:47, 03:50:47
 790, 61, 9, 0, 0, 0, 0, 03:48:03, 03:51:03
 1182, 48, 14, 0, 0, 0, 0, 03:49:05, 03:51:05
 1172, 38, 14, 1, 1, 5, 6, 03:46:23, 03:51:23
 1002, 30, 12, 0, 1, 0, 7, 03:47:32, 03:51:32
 1038, 66, 12, 1, 1, 6, 6, 03:47:33, 03:51:33
 476, 71, 5, 1, 1, 3, 5, 03:47:39, 03:51:39
 398, 74, 4, 0, 0, 0, 0, 03:46:44, 03:51:44
 1111, 58, 13, 0, 1, 0, 6, 03:49:57, 03:51:57
 891, 0, 11, 1, 1, 9, 8, 03:47:59, 03:51:59
 221, 59, 2, 0, 1, 0, 5, 03:47:02, 03:52:02
 1220, 5, 15, 0, 1, 0, 9, 03:50:14, 03:52:14
 40, 40, 0, 1, 1, 8, 7, 03:48:42, 03:52:42
 488, 2, 6, 0, 1, 0, 6, 03:51:09, 03:53:09
 565, 79, 6, 0, 1, 0, 6, 03:48:18, 03:53:18
 685, 37, 8, 0, 1, 0, 7, 03:47:25, 03:53:25
 361, 37, 4, 0, 0, 0, 0, 03:47:41, 03:53:41
 232, 70, 2, 0, 1, 0, 10, 03:48:48, 03:53:48
 1268, 53, 15, 1, 1, 1, 4, 03:48:57, 03:53:57
 641, 74, 7, 1, 1, 4, 6, 03:51:06, 03:54:06
 1090, 37, 13, 0, 0, 0, 0, 03:49:16, 03:54:16
 1474, 16, 18, 0, 0, 0, 0, 03:52:31, 03:54:31
 482, 77, 5, 1, 1, 6, 4, 03:50:39, 03:54:39
 1524, 66, 18, 1, 1, 8, 9, 03:49:42, 03:54:42
 406, 1, 5, 0, 1, 0, 3, 03:48:57, 03:54:57
 719, 71, 8, 1, 1, 4, 8, 03:51, 03:55
 23, 23, 0, 1, 1, 9, 10, 03:52:24, 03:55:24
 51, 51, 0, 0, 0, 0, 0, 03:51:31, 03:55:31
 882, 72, 10, 0, 0, 0, 0, 03:50:34, 03:55:34
 39, 39, 0, 1, 1, 10, 8, 03:50:56, 03:55:56
 210, 48, 2, 0, 0, 0, 0, 03:52:56, 03:55:56
 1416, 39, 17, 0, 1, 0, 1, 03:53:28, 03:56:28
 953, 62, 11, 0, 1, 0, 4, 03:53:32, 03:56:32
 1096, 43, 13, 1, 1, 8, 2, 03:52:35, 03:56:35
 853, 43, 10, 1, 1, 10, 3, 03:53:06, 03:57:06
 206, 44, 2, 1, 1, 10, 3, 03:52:36, 03:57:36
 411, 6, 5, 1, 1, 5, 3, 03:53:40, 03:57:40
 669, 21, 8, 1, 1, 2, 3, 03:55:48, 03:57:48
 1102, 49, 13, 1, 1, 5, 5, 03:54:57, 03:57:57
 239, 77, 2, 0, 1, 0, 7, 03:52:08, 03:58:08
 241, 79, 2, 0, 0, 0, 0, 03:56:14, 03:58:14
 386, 62, 4, 0, 0, 0, 0, 03:56:16, 03:58:16
 599, 32, 7, 1, 1, 5, 8, 03:53:21, 03:58:21
 769, 40, 9, 1, 1, 1, 10, 03:54:24, 03:58:24
 264, 21, 3, 1, 1, 3, 3, 03:56:52, 03:58:52
 1085, 32, 13, 0, 1, 0, 8, 03:54:07, 03:59:07
 1514, 56, 18, 0, 0, 0, 0, 03:56:08, 03:59:08
 248, 5, 3, 0, 1, 0, 9, 03:55:29, 03:59:29
 1227, 12, 15, 0, 0, 0, 0, 03:55:41, 03:59:41
 610, 43, 7, 0, 1, 0, 8, 03:58:04, 04:00:04
 324, 0, 4, 1, 1, 9, 3, 03:56:08, 04:00:08
 1178, 44, 14, 0, 0, 0, 0, 03:57:09, 04:00:09
 670, 22, 8, 0, 1, 0, 5, 03:57:15, 04:00:15
 540, 54, 6, 1, 1, 4, 10, 03:55:45, 04:00:45
 124, 43, 1, 1, 1, 4, 10, 03:56:46, 04:00:46
 53, 53, 0, 0, 1, 0, 3, 03:56:04, 04:01:04
 457, 52, 5, 0, 1, 0, 10, 03:57:04, 04:01:04
 1217, 2, 15, 1, 1, 5, 7, 03:56:08, 04:01:08
 300, 57, 3, 1, 1, 2, 1, 03:55:16, 04:01:16
 595, 28, 7, 1, 1, 1, 9, 03:58:57, 04:01:57
 1243, 28, 15, 0, 0, 0, 0, 03:58:12, 04:02:12
 1242, 27, 15, 1, 1, 1, 7, 03:56:26, 04:02:26
 663, 15, 8, 1, 1, 2, 10, 04:00:32, 04:02:32
 36, 36, 0, 1, 1, 4, 8, 03:57:40, 04:02:40
 475, 70, 5, 0, 0, 0, 0, 03:56:49, 04:02:49
 223, 61, 2, 1, 1, 6, 10, 03:57:20, 04:03:20
 828, 18, 10, 1, 1, 5, 8, 04:01:40, 04:03:40
 1240, 25, 15, 1, 1, 2, 6, 04:00:43, 04:03:43
 884, 74, 10, 1, 1, 1, 10, 03:58:21, 04:04:21
 378, 54, 4, 1, 1, 10, 10, 04:00:32, 04:04:32
 836, 26, 10, 0, 0, 0, 0, 04:00:36, 04:04:36
 319, 76, 3, 1, 1, 10, 1, 04:00:45, 04:04:45
 1153, 19, 14, 1, 1, 5, 1, 04:00:59, 04:04:59
 1521, 63, 18, 0, 0, 0, 0, 04:02:59, 04:04:59
 702, 54, 8, 0, 0, 0, 0, 03:59:30, 04:05:30
 1261, 46, 15, 0, 0, 0, 0, 04:01:50, 04:05:50
 559, 73, 6, 1, 1, 6, 5, 04:03:26, 04:06:26
 1410, 33, 17, 0, 0, 0, 0, 04:01:26, 04:06:26
 889, 79, 10, 1, 1, 5, 4, 04:01:31, 04:06:31
 1484, 26, 18, 0, 0, 0, 0, 04:02:45, 04:06:45
 1119, 66, 13, 0, 0, 0, 0, 04:01:16, 04:07:16
 125, 44, 1, 1, 1, 1, 9, 04:04:35, 04:07:35
 1226, 11, 15, 1, 1, 6, 10, 04:04:03, 04:08:03
 554, 68, 6, 1, 1, 8, 6, 04:03:29, 04:08:29
 1030, 58, 12, 1, 1, 2, 3, 04:03:40, 04:08:40
 301, 58, 3, 1, 1, 8, 6, 04:03:49, 04:08:49
 19, 19, 0, 1, 1, 2, 7, 04:03:50, 04:08:50
 112, 31, 1, 1, 1, 2, 4, 04:06:58, 04:08:58
 1272, 57, 15, 0, 0, 0, 0, 04:06:07, 04:09:07
 1535, 77, 18, 1, 1, 2, 7, 04:05:14, 04:09:14
 1523, 65, 18, 1, 1, 10, 8, 04:05:17, 04:09:17
 779, 50, 9, 0, 0, 0, 0, 04:06:25, 04:09:25
 1437, 60, 17, 1, 1, 1, 10, 04:03:41, 04:09:41
 496, 10, 6, 0, 0, 0, 0, 04:08:33, 04:10:33
 190, 28, 2, 0, 0, 0, 0, 04:05:59, 04:10:59
 382, 58, 4, 1, 1, 4, 4, 04:08, 04:12
 522, 36, 6, 0, 1, 0, 8, 04:07:02, 04:12:02
 120, 39, 1, 1, 1, 5, 6, 04:06:06, 04:12:06
 109, 28, 1, 1, 1, 1, 3, 04:09:12, 04:12:12
 724, 76, 8, 1, 1, 8, 3, 04:08:31, 04:12:31
 119, 38, 1, 0, 1, 0, 9, 04:09:58, 04:12:58
 1522, 64, 18, 1, 1, 8, 10, 04:08:01, 04:13:01
 1359, 63, 16, 1, 1, 1, 9, 04:08:14, 04:13:14
 656, 8, 8, 1, 1, 2, 3, 04:10:28, 04:13:28
 30, 30, 0, 1, 1, 10, 5, 04:07:35, 04:13:35
 1485, 27, 18, 1, 1, 9, 9, 04:10:05, 04:14:05
 24, 24, 0, 0, 1, 0, 10, 04:12:33, 04:14:33
 1093, 40, 13, 1, 1, 3, 7, 04:11:52, 04:14:52
 1033, 61, 12, 0, 1, 0, 3, 04:12:57, 04:14:57
 1131, 78, 13, 0, 0, 0, 0, 04:10:59, 04:14:59
 1092, 39, 13, 1, 1, 6, 10, 04:11:18, 04:15:18
 613, 46, 7, 0, 0, 0, 0, 04:11:20, 04:15:20
 464, 59, 5, 0, 1, 0, 2, 04:12:52, 04:15:52
 185, 23, 2, 0, 1, 0, 5, 04:11:55, 04:15:55
 304, 61, 3, 1, 1, 3, 5, 04:13:56, 04:15:56
 721, 73, 8, 0, 0, 0, 0, 04:13:08, 04:16:08
 1266, 51, 15, 1, 1, 10, 5, 04:11:16, 04:16:16
 148, 67, 1, 1, 1, 1, 9, 04:14:22, 04:16:22
 1076, 23, 13, 1, 1, 4, 2, 04:13:50, 04:16:50
 1331, 35, 16, 1, 1, 3, 2, 04:14:40, 04:17:40
 1420, 43, 17, 0, 1, 0, 1, 04:13:45, 04:17:45
 1323, 27, 16, 0, 0, 0, 0, 04:14:56, 04:17:56
 1517, 59, 18, 1, 1, 2, 3, 04:12:01, 04:18:01
 712, 64, 8, 0, 1, 0, 2, 04:14:36, 04:18:36
 661, 13, 8, 1, 1, 9, 10, 04:16:02, 04:19:02
 547, 61, 6, 1, 1, 9, 8, 04:15:13, 04:19:13
 992, 20, 12, 1, 1, 3, 2, 04:16:14, 04:19:14
 424, 19, 5, 0, 0, 0, 0, 04:16:26, 04:19:26
 479, 74, 5, 1, 1, 8, 1, 04:16:26, 04:19:26
 335, 11, 4, 1, 1, 4, 1, 04:15:29, 04:19:29
 1078, 25, 13, 1, 1, 2, 1, 04:15:30, 04:19:30
 969, 78, 11, 0, 0, 0, 0, 04:17:02, 04:20:02
 986, 14, 12, 1, 1, 4, 10, 04:17:05, 04:20:05
 1334, 38, 16, 1, 1, 1, 2, 04:14:07, 04:20:07
 1312, 16, 16, 1, 1, 8, 10, 04:14:39, 04:20:39
 1335, 39, 16, 0, 0, 0, 0, 04:16:52, 04:20:52
 1015, 43, 12, 1, 1, 4, 2, 04:15:54, 04:20:54
 946, 55, 11, 1, 1, 3, 4, 04:16:07, 04:21:07
 1433, 56, 17, 0, 1, 0, 4, 04:16:21, 04:21:21
 1382, 5, 17, 1, 1, 1, 2, 04:19, 04:22
 671, 23, 8, 1, 1, 7, 4, 04:20:04, 04:22:04
 1424, 47, 17, 1, 1, 7, 8, 04:16:20, 04:22:20
 321, 78, 3, 1, 1, 9, 7, 04:20:36, 04:22:36
 1135, 1, 14, 1, 1, 4, 9, 04:17:53, 04:22:53
 1193, 59, 14, 0, 0, 0, 0, 04:17:59, 04:22:59
 801, 72, 9, 0, 0, 0, 0, 04:18:04, 04:23:04
 174, 12, 2, 1, 1, 1, 5, 04:17:12, 04:23:12
 1124, 71, 13, 1, 1, 5, 4, 04:18:34, 04:23:34
 1530, 72, 18, 1, 1, 5, 2, 04:18:04, 04:24:04
 902, 11, 11, 0, 1, 0, 6, 04:19:19, 04:24:19
 420, 15, 5, 0, 0, 0, 0, 04:20:32, 04:24:32
 521, 35, 6, 0, 0, 0, 0, 04:22:39, 04:24:39
 1211, 77, 14, 0, 0, 0, 0, 04:21:46, 04:24:46
 71, 71, 0, 0, 0, 0, 0, 04:20:49, 04:24:49
 542, 56, 6, 0, 1, 0, 5, 04:22:58, 04:24:58
 603, 36, 7, 1, 1, 9, 3, 04:22:08, 04:25:08
 706, 58, 8, 1, 1, 10, 4, 04:23:12, 04:25:12
 1345, 49, 16, 0, 0, 0, 0, 04:19:32, 04:25:32
 1306, 10, 16, 0, 1, 0, 7, 04:20:34, 04:25:34
 1486, 28, 18, 1, 1, 10, 7, 04:23:39, 04:25:39
 288, 45, 3, 0, 0, 0, 0, 04:20:59, 04:25:59
 785, 56, 9, 1, 1, 7, 7, 04:21:34, 04:26:34
 732, 3, 9, 1, 1, 7, 8, 04:22:41, 04:26:41
 1488, 30, 18, 0, 0, 0, 0, 04:25:06, 04:27:06
 1152, 18, 14, 1, 1, 2, 10, 04:23:13, 04:27:13
 545, 59, 6, 1, 1, 9, 4, 04:24:18, 04:27:18
 654, 6, 8, 0, 1, 0, 3, 04:22:43, 04:27:43
 577, 10, 7, 1, 1, 8, 8, 04:21:58, 04:27:58
 1528, 70, 18, 1, 1, 2, 5, 04:22, 04:28
 1346, 50, 16, 1, 1, 9, 9, 04:23:08, 04:28:08
 1156, 22, 14, 0, 0, 0, 0, 04:26:20, 04:28:20
 242, 80, 2, 0, 0, 0, 0, 04:26:40, 04:28:40
 1165, 31, 14, 0, 0, 0, 0, 04:24:48, 04:28:48
 1069, 16, 13, 1, 1, 4, 5, 04:22:50, 04:28:50
 700, 52, 8, 0, 0, 0, 0, 04:24:14, 04:29:14
 881, 71, 10, 1, 1, 5, 6, 04:25:14, 04:29:14
 215, 53, 2, 0, 0, 0, 0, 04:25:42, 04:29:42
 289, 46, 3, 0, 0, 0, 0, 04:24:46, 04:29:46
 1529, 71, 18, 0, 1, 0, 1, 04:27:24, 04:30:24
 1412, 35, 17, 0, 1, 0, 10, 04:27:25, 04:30:25
 1287, 72, 15, 1, 1, 6, 8, 04:25:29, 04:30:29
 176, 14, 2, 1, 1, 9, 2, 04:26:52, 04:30:52
 1163, 29, 14, 0, 0, 0, 0, 04:28:56, 04:30:56
 1319, 23, 16, 0, 0, 0, 0, 04:28:57, 04:30:57
 395, 71, 4, 0, 1, 0, 8, 04:26:18, 04:31:18
 1525, 67, 18, 1, 1, 6, 3, 04:29:04, 04:32:04
 487, 1, 6, 0, 0, 0, 0, 04:29:35, 04:32:35
 1126, 73, 13, 1, 1, 4, 7, 04:28:39, 04:32:39
 1269, 54, 15, 0, 0, 0, 0, 04:28:44, 04:32:44
 1265, 50, 15, 1, 1, 6, 4, 04:30:48, 04:32:48
 982, 10, 12, 0, 0, 0, 0, 04:27:57, 04:32:57
 1259, 44, 15, 0, 0, 0, 0, 04:28:26, 04:33:26
 1315, 19, 16, 0, 1, 0, 1, 04:29:47, 04:33:47
 191, 29, 2, 1, 1, 7, 8, 04:30:06, 04:34:06
 1235, 20, 15, 1, 1, 10, 2, 04:31:16, 04:34:16
 255, 12, 3, 1, 1, 7, 6, 04:29:18, 04:34:18
 1399, 22, 17, 0, 1, 0, 7, 04:31:25, 04:34:25
 1009, 37, 12, 1, 1, 8, 10, 04:29:28, 04:34:28
 78, 78, 0, 0, 1, 0, 3, 04:31:55, 04:34:55
 397, 73, 4, 0, 1, 0, 6, 04:33:17, 04:35:17
 1277, 62, 15, 1, 1, 4, 4, 04:31:47, 04:35:47
 947, 56, 11, 0, 1, 0, 10, 04:33:52, 04:35:52
 1332, 36, 16, 0, 1, 0, 6, 04:29:59, 04:35:59
 1536, 78, 18, 0, 0, 0, 0, 04:32:04, 04:36:04
 908, 17, 11, 0, 0, 0, 0, 04:33:43, 04:36:43
 968, 77, 11, 0, 1, 0, 8, 04:33:44, 04:36:44
 95, 14, 1, 1, 1, 8, 10, 04:34:47, 04:36:47
 1257, 42, 15, 0, 1, 0, 5, 04:35:05, 04:37:05
 1077, 24, 13, 1, 1, 2, 1, 04:31:16, 04:37:16
 372, 48, 4, 1, 1, 6, 1, 04:31:24, 04:37:24
 471, 66, 5, 1, 1, 10, 1, 04:35:32, 04:37:32
 1079, 26, 13, 0, 1, 0, 9, 04:35:39, 04:37:39
 1045, 73, 12, 1, 1, 7, 6, 04:34:43, 04:37:43
 676, 28, 8, 0, 1, 0, 3, 04:32:54, 04:37:54
 516, 30, 6, 1, 1, 2, 10, 04:33:55, 04:37:55
 1250, 35, 15, 1, 1, 3, 1, 04:33:06, 04:38:06
 939, 48, 11, 0, 1, 0, 1, 04:34:27, 04:38:27
 1512, 54, 18, 1, 1, 5, 2, 04:32:29, 04:38:29
 1057, 4, 13, 1, 1, 8, 3, 04:35:49, 04:38:49
 381, 57, 4, 1, 1, 2, 5, 04:34:55, 04:38:55
 1084, 31, 13, 1, 1, 4, 5, 04:35:09, 04:39:09
 28, 28, 0, 0, 0, 0, 0, 04:35:17, 04:39:17
 782, 53, 9, 1, 1, 10, 6, 04:34:21, 04:39:21
 1062, 9, 13, 0, 0, 0, 0, 04:37:39, 04:39:39
 737, 8, 9, 1, 1, 1, 6, 04:35:49, 04:39:49
 1307, 11, 16, 0, 0, 0, 0, 04:35:52, 04:39:52
 705, 57, 8, 1, 1, 3, 7, 04:37:06, 04:40:06
 1483, 25, 18, 0, 1, 0, 2, 04:36:13, 04:40:13
 201, 39, 2, 0, 1, 0, 6, 04:35:16, 04:40:16
 1518, 60, 18, 1, 1, 9, 4, 04:35:18, 04:40:18
 1238, 23, 15, 0, 0, 0, 0, 04:36:19, 04:40:19
 138, 57, 1, 0, 1, 0, 3, 04:36:34, 04:40:34
 432, 27, 5, 0, 0, 0, 0, 04:35:36, 04:40:36
 985, 13, 12, 1, 1, 1, 9, 04:37:49, 04:40:49
 10, 10, 0, 0, 1, 0, 1, 04:36:58, 04:40:58
 448, 43, 5, 1, 1, 10, 7, 04:39:04, 04:41:04
 1445, 68, 17, 1, 1, 6, 6, 04:39:14, 04:41:14
 1024, 52, 12, 1, 1, 9, 10, 04:37:15, 04:41:15
 1461, 3, 18, 1, 1, 9, 3, 04:37:16, 04:41:16
 575, 8, 7, 0, 1, 0, 9, 04:36:25, 04:41:25
 100, 19, 1, 1, 1, 6, 7, 04:39:49, 04:41:49
 518, 32, 6, 1, 1, 6, 10, 04:40:04, 04:42:04
 1338, 42, 16, 0, 1, 0, 1, 04:39:31, 04:42:31
 478, 73, 5, 1, 1, 1, 8, 04:37:41, 04:42:41
 1088, 35, 13, 0, 1, 0, 9, 04:40:50, 04:42:50
 591, 24, 7, 0, 1, 0, 7, 04:40:58, 04:42:58
 480, 75, 5, 0, 1, 0, 6, 04:39, 04:43
 1348, 52, 16, 0, 1, 0, 2, 04:40:11, 04:43:11
 1115, 62, 13, 1, 1, 6, 3, 04:37:25, 04:43:25
 646, 79, 7, 1, 1, 4, 4, 04:39:55, 04:43:55
 237, 75, 2, 1, 1, 3, 9, 04:41:08, 04:44:08
 810, 0, 10, 0, 1, 0, 8, 04:41:19, 04:44:19
 571, 4, 7, 0, 0, 0, 0, 04:41:05, 04:45:05
 370, 46, 4, 1, 1, 1, 4, 04:42:10, 04:45:10
 763, 34, 9, 0, 1, 0, 10, 04:42:37, 04:45:37
 113, 32, 1, 1, 1, 9, 8, 04:40:39, 04:45:39
 60, 60, 0, 1, 1, 4, 5, 04:43:42, 04:45:42
 1402, 25, 17, 1, 1, 8, 6, 04:42:43, 04:45:43
 481, 76, 5, 1, 1, 7, 2, 04:40:01, 04:46:01
 1130, 77, 13, 0, 0, 0, 0, 04:41:11, 04:46:11
 133, 52, 1, 1, 1, 9, 8, 04:43:13, 04:46:13
 1333, 37, 16, 0, 1, 0, 3, 04:40:17, 04:46:17
 576, 9, 7, 0, 0, 0, 0, 04:43:22, 04:46:22
 1400, 23, 17, 0, 0, 0, 0, 04:44:10, 04:47:10
 742, 13, 9, 0, 0, 0, 0, 04:44:17, 04:47:17
 812, 2, 10, 1, 1, 6, 4, 04:42:33, 04:47:33
 1472, 14, 18, 1, 1, 2, 3, 04:44, 04:48
 681, 33, 8, 1, 1, 9, 5, 04:42:13, 04:48:13
 1139, 5, 14, 0, 0, 0, 0, 04:43:15, 04:48:15
 161, 80, 1, 1, 1, 4, 2, 04:43:20, 04:48:20
 268, 25, 3, 1, 1, 6, 8, 04:45:39, 04:48:39
 1370, 74, 16, 0, 1, 0, 2, 04:44:43, 04:48:43
 1413, 36, 17, 0, 1, 0, 2, 04:45:44, 04:48:44
 988, 16, 12, 0, 1, 0, 8, 04:42:50, 04:48:50
 1087, 34, 13, 1, 1, 9, 1, 04:43:55, 04:48:55
 859, 49, 10, 1, 1, 9, 3, 04:46:57, 04:48:57
 1044, 72, 12, 1, 1, 9, 7, 04:47:19, 04:49:19
 1061, 8, 13, 0, 0, 0, 0, 04:45:29, 04:49:29
 292, 49, 3, 0, 0, 0, 0, 04:48, 04:50
 1283, 68, 15, 0, 1, 0, 3, 04:48, 04:50
 1393, 16, 17, 1, 1, 1, 5, 04:45, 04:50
 572, 5, 7, 0, 1, 0, 9, 04:45:23, 04:50:23
 198, 36, 2, 0, 1, 0, 7, 04:46:55, 04:50:55
 745, 16, 9, 0, 1, 0, 7, 04:45:42, 04:51:42
 17, 17, 0, 1, 1, 9, 9, 04:46:04, 04:52:04
 875, 65, 10, 0, 1, 0, 6, 04:50:49, 04:52:49
 734, 5, 9, 0, 0, 0, 0, 04:48:02, 04:53:02
 180, 18, 2, 1, 1, 2, 6, 04:50:33, 04:53:33
 578, 11, 7, 0, 0, 0, 0, 04:51:41, 04:53:41
 593, 26, 7, 1, 1, 7, 8, 04:49:42, 04:53:42
 1415, 38, 17, 1, 1, 10, 9, 04:51:05, 04:54:05
 275, 32, 3, 1, 1, 5, 9, 04:48:45, 04:54:45
 539, 53, 6, 0, 1, 0, 10, 04:52:59, 04:54:59
 1280, 65, 15, 0, 0, 0, 0, 04:50:04, 04:55:04
 872, 62, 10, 0, 1, 0, 6, 04:51:09, 04:55:09
 407, 2, 5, 0, 0, 0, 0, 04:51:10, 04:55:10
 139, 58, 1, 1, 1, 9, 5, 04:51:42, 04:55:42
 273, 30, 3, 1, 1, 10, 5, 04:52:59, 04:55:59
 13, 13, 0, 1, 1, 3, 4, 04:52:26, 04:56:26
 1225, 10, 15, 0, 1, 0, 6, 04:53:27, 04:56:27
 1453, 76, 17, 1, 1, 1, 1, 04:54:52, 04:56:52
 373, 49, 4, 0, 1, 0, 7, 04:50:55, 04:56:55
 780, 51, 9, 1, 1, 2, 9, 04:50:58, 04:56:58
 280, 37, 3, 1, 1, 1, 2, 04:52:09, 04:57:09
 1155, 21, 14, 0, 0, 0, 0, 04:54:29, 04:57:29
 740, 11, 9, 0, 1, 0, 3, 04:51:48, 04:57:48
 954, 63, 11, 1, 1, 4, 8, 04:54:57, 04:57:57
 583, 16, 7, 1, 1, 2, 3, 04:53:52, 04:58:52
 1138, 4, 14, 1, 1, 5, 9, 04:54:23, 04:59:23
 1137, 3, 14, 1, 1, 1, 9, 04:53:38, 04:59:38
 1167, 33, 14, 0, 0, 0, 0, 04:54:01, 05:00:01
 1435, 58, 17, 0, 0, 0, 0, 04:56:06, 05:00:06
 136, 55, 1, 0, 1, 0, 9, 04:55:07, 05:00:07
 1510, 52, 18, 1, 1, 6, 1, 04:58:07, 05:00:07
 1500, 42, 18, 0, 1, 0, 2, 04:56:38, 05:00:38
 403, 79, 4, 0, 1, 0, 10, 04:56:42, 05:01:42
 1060, 7, 13, 1, 1, 10, 2, 04:58:42, 05:01:42
 1142, 8, 14, 0, 1, 0, 8, 04:55:46, 05:01:46
 472, 67, 5, 1, 1, 10, 5, 04:59:16, 05:02:16
 720, 72, 8, 1, 1, 9, 3, 04:58:22, 05:02:22
 1398, 21, 17, 1, 1, 9, 9, 05:00:41, 05:02:41
 1252, 37, 15, 1, 1, 1, 10, 04:58:43, 05:02:43
 7, 7, 0, 0, 0, 0, 0, 05:00:49, 05:02:49
 699, 51, 8, 0, 1, 0, 7, 05:00:49, 05:02:49
 253, 10, 3, 1, 1, 9, 10, 04:59:50, 05:02:50
 1147, 13, 14, 0, 0, 0, 0, 04:58:56, 05:02:56
 783, 54, 9, 0, 0, 0, 0, 04:57:07, 05:03:07
 983, 11, 12, 1, 1, 2, 4, 05:01:13, 05:03:13
 767, 38, 9, 0, 0, 0, 0, 04:59:20, 05:03:20
 1154, 20, 14, 1, 1, 9, 7, 04:58:20, 05:03:20
 1241, 26, 15, 1, 1, 5, 2, 05:00:36, 05:03:36
 890, 80, 10, 0, 1, 0, 8, 04:57:41, 05:03:41
 349, 25, 4, 1, 1, 1, 10, 05:00:03, 05:04:03
 227, 65, 2, 0, 1, 0, 6, 04:59:08, 05:04:08
 1343, 47, 16, 0, 1, 0, 1, 04:59:40, 05:04:40
 826, 16, 10, 1, 1, 4, 6, 05:00:43, 05:04:43
 172, 10, 2, 0, 1, 0, 5, 05:01:46, 05:04:46
 1341, 45, 16, 0, 1, 0, 8, 05:03:15, 05:05:15
 1513, 55, 18, 0, 0, 0, 0, 05:01:31, 05:05:31
 330, 6, 4, 0, 1, 0, 8, 04:59:34, 05:05:34
 1302, 6, 16, 1, 1, 1, 1, 05:01:36, 05:05:36
 32, 32, 0, 0, 1, 0, 8, 05:02:02, 05:06:02
 1215, 0, 15, 1, 1, 10, 1, 05:03:10, 05:06:10
 365, 41, 4, 1, 1, 1, 10, 05:02:55, 05:06:55
 915, 24, 11, 0, 0, 0, 0, 05:05, 05:07
 587, 20, 7, 1, 1, 2, 1, 05:04:01, 05:07:01
 520, 34, 6, 1, 1, 6, 10, 05:04:08, 05:07:08
 1195, 61, 14, 0, 0, 0, 0, 05:03:24, 05:07:24
 486, 0, 6, 1, 1, 5, 9, 05:03:34, 05:07:34
 997, 25, 12, 1, 1, 8, 1, 05:03:34, 05:07:34
 979, 7, 12, 0, 1, 0, 1, 05:05:39, 05:07:39
 64, 64, 0, 0, 0, 0, 0, 05:05:42, 05:07:42
 265, 22, 3, 0, 0, 0, 0, 05:05:05, 05:08:05
 199, 37, 2, 0, 1, 0, 10, 05:02:23, 05:08:23
 798, 69, 9, 0, 1, 0, 6, 05:05:37, 05:08:37
 346, 22, 4, 1, 1, 10, 7, 05:06:45, 05:08:45
 1295, 80, 15, 1, 1, 2, 1, 05:03:49, 05:08:49
 16, 16, 0, 1, 1, 6, 8, 05:06:53, 05:08:53
 574, 7, 7, 1, 1, 5, 6, 05:07:24, 05:09:24
 611, 44, 7, 1, 1, 8, 10, 05:03:36, 05:09:36
 585, 18, 7, 0, 0, 0, 0, 05:04:42, 05:09:42
 556, 70, 6, 1, 1, 6, 7, 05:07:48, 05:09:48
 1527, 69, 18, 0, 1, 0, 2, 05:03:49, 05:09:49
 455, 50, 5, 0, 1, 0, 9, 05:05:54, 05:09:54
 213, 51, 2, 1, 1, 2, 7, 05:03:57, 05:09:57
 773, 44, 9, 1, 1, 3, 9, 05:05:07, 05:10:07
 334, 10, 4, 0, 1, 0, 3, 05:07:09, 05:10:09
 1049, 77, 12, 1, 1, 7, 1, 05:05:12, 05:10:12
 1374, 78, 16, 1, 1, 5, 9, 05:08:40, 05:10:40
 1245, 30, 15, 1, 1, 8, 8, 05:04:44, 05:10:44
 404, 80, 4, 0, 1, 0, 5, 05:07:11, 05:11:11
 832, 22, 10, 0, 1, 0, 8, 05:06:15, 05:11:15
 1299, 3, 16, 1, 1, 2, 7, 05:07:25, 05:11:25
 380, 56, 4, 1, 1, 10, 8, 05:06:33, 05:11:33
 1377, 0, 17, 1, 1, 4, 8, 05:07:38, 05:11:38
 904, 13, 11, 1, 1, 10, 3, 05:05:55, 05:11:55
 164, 2, 2, 1, 1, 6, 2, 05:07:06, 05:12:06
 984, 12, 12, 0, 1, 0, 3, 05:10:14, 05:12:14
 57, 57, 0, 0, 1, 0, 9, 05:07:31, 05:12:31
 291, 48, 3, 0, 0, 0, 0, 05:06:37, 05:12:37
 1210, 76, 14, 0, 0, 0, 0, 05:11:07, 05:13:07
 266, 23, 3, 0, 0, 0, 0, 05:09:14, 05:13:14
 797, 68, 9, 0, 1, 0, 1, 05:07:27, 05:13:27
 1173, 39, 14, 0, 1, 0, 3, 05:10:48, 05:13:48
 622, 55, 7, 1, 1, 8, 4, 05:11:58, 05:13:58
 1477, 19, 18, 1, 1, 2, 2, 05:12:04, 05:14:04
 1411, 34, 17, 0, 0, 0, 0, 05:11:07, 05:14:07
 1042, 70, 12, 1, 1, 6, 10, 05:10:16, 05:14:16
 746, 17, 9, 0, 0, 0, 0, 05:09:22, 05:14:22
 1537, 79, 18, 0, 1, 0, 4, 05:12:40, 05:14:40
 497, 11, 6, 1, 1, 4, 4, 05:10:44, 05:14:44
 857, 47, 10, 1, 1, 8, 7, 05:10:47, 05:14:47
 864, 54, 10, 1, 1, 5, 7, 05:13:13, 05:15:13
 808, 79, 9, 1, 1, 6, 5, 05:11:19, 05:15:19
 684, 36, 8, 0, 0, 0, 0, 05:09:49, 05:15:49
 477, 72, 5, 0, 0, 0, 0, 05:11:58, 05:15:58
 470, 65, 5, 0, 1, 0, 6, 05:11:10, 05:16:10
 566, 80, 6, 1, 1, 3, 4, 05:11:23, 05:16:23
 1504, 46, 18, 0, 1, 0, 6, 05:12:24, 05:16:24
 236, 74, 2, 0, 0, 0, 0, 05:13:31, 05:16:31
 343, 19, 4, 0, 1, 0, 5, 05:13:49, 05:16:49
 1074, 21, 13, 1, 1, 1, 1, 05:12:10, 05:17:10
 815, 5, 10, 0, 1, 0, 10, 05:11:19, 05:17:19
 795, 66, 9, 0, 1, 0, 7, 05:15:22, 05:17:22
 419, 14, 5, 1, 1, 3, 7, 05:15:19, 05:18:19
 709, 61, 8, 1, 1, 4, 1, 05:16:34, 05:18:34
 79, 79, 0, 1, 1, 5, 5, 05:15:42, 05:18:42
 807, 78, 9, 0, 0, 0, 0, 05:14:26, 05:19:26
 573, 6, 7, 1, 1, 4, 7, 05:18:24, 05:20:24
 581, 14, 7, 0, 1, 0, 10, 05:18:36, 05:20:36
 1134, 0, 14, 0, 1, 0, 4, 05:14:40, 05:20:40
 1389, 12, 17, 1, 1, 1, 8, 05:14:43, 05:20:43
 976, 4, 12, 1, 1, 10, 9, 05:14:44, 05:20:44
 614, 47, 7, 0, 0, 0, 0, 05:18:04, 05:21:04
 1379, 2, 17, 0, 1, 0, 4, 05:15:11, 05:21:11
 1471, 13, 18, 0, 1, 0, 3, 05:19:26, 05:21:26
 892, 1, 11, 0, 1, 0, 6, 05:17:29, 05:21:29
 776, 47, 9, 1, 1, 4, 1, 05:20:44, 05:22:44
 1125, 72, 13, 0, 1, 0, 4, 05:18:10, 05:23:10
 1133, 80, 13, 1, 1, 7, 5, 05:18:11, 05:23:11
 1404, 27, 17, 1, 1, 10, 2, 05:21:11, 05:23:11
 402, 78, 4, 0, 0, 0, 0, 05:21:21, 05:23:21
 1314, 18, 16, 1, 1, 6, 6, 05:20:34, 05:23:34
 328, 4, 4, 1, 1, 10, 7, 05:20, 05:24
 1221, 6, 15, 0, 0, 0, 0, 05:22:02, 05:24:02
 619, 52, 7, 0, 0, 0, 0, 05:21:06, 05:24:06
 1176, 42, 14, 0, 1, 0, 6, 05:22:33, 05:24:33
 263, 20, 3, 1, 1, 9, 10, 05:18:55, 05:24:55
 25, 25, 0, 0, 0, 0, 0, 05:20:25, 05:25:25
 1166, 32, 14, 1, 1, 3, 5, 05:22:06, 05:26:06
 942, 51, 11, 0, 0, 0, 0, 05:22:10, 05:26:10
 1436, 59, 17, 1, 1, 8, 10, 05:21:22, 05:26:22
 1244, 29, 15, 0, 1, 0, 4, 05:20:30, 05:26:30
 1141, 7, 14, 1, 1, 1, 10, 05:23:34, 05:26:34
 333, 9, 4, 0, 0, 0, 0, 05:22:37, 05:26:37
 752, 23, 9, 0, 0, 0, 0, 05:23:40, 05:26:40
 269, 26, 3, 1, 1, 6, 6, 05:21:55, 05:26:55
 978, 6, 12, 1, 1, 5, 5, 05:24:06, 05:27:06
 977, 5, 12, 0, 0, 0, 0, 05:23:53, 05:27:53
 254, 11, 3, 0, 0, 0, 0, 05:24:56, 05:27:56
 235, 73, 2, 0, 1, 0, 7, 05:24:07, 05:28:07
 1270, 55, 15, 1, 1, 3, 4, 05:25:42, 05:28:42
 467, 62, 5, 0, 1, 0, 3, 05:24:57, 05:28:57
 163, 1, 2, 1, 1, 8, 7, 05:27:13, 05:29:13
 634, 67, 7, 1, 1, 2, 9, 05:25:19, 05:29:19
 1337, 41, 16, 1, 1, 1, 6, 05:27:37, 05:29:37
 768, 39, 9, 1, 1, 10, 5, 05:26:40, 05:29:40
 259, 16, 3, 1, 1, 6, 1, 05:27:08, 05:30:08
 73, 73, 0, 1, 1, 7, 3, 05:28:25, 05:30:25
 70, 70, 0, 0, 1, 0, 7, 05:27:43, 05:30:43
 44, 44, 0, 1, 1, 5, 1, 05:30:07, 05:32:07
 886, 76, 10, 1, 1, 10, 5, 05:27:20, 05:32:20
 276, 33, 3, 1, 1, 5, 4, 05:28:27, 05:32:27
 277, 34, 3, 1, 1, 6, 2, 05:28:53, 05:32:53
 973, 1, 12, 1, 1, 6, 3, 05:27:55, 05:32:55
 579, 12, 7, 0, 1, 0, 5, 05:30:11, 05:33:11
 445, 40, 5, 1, 1, 9, 3, 05:31:30, 05:33:30
 1148, 14, 14, 1, 1, 1, 5, 05:28:48, 05:33:48
 1011, 39, 12, 1, 1, 8, 7, 05:27:51, 05:33:51
 140, 59, 1, 1, 1, 1, 9, 05:29:29, 05:34:29
 62, 62, 0, 0, 0, 0, 0, 05:32:44, 05:34:44
 598, 31, 7, 0, 0, 0, 0, 05:31:47, 05:34:47
 1466, 8, 18, 1, 1, 8, 10, 05:31:51, 05:34:51
 896, 5, 11, 1, 1, 2, 8, 05:29:08, 05:35:08
 625, 58, 7, 1, 1, 8, 10, 05:31:36, 05:35:36
 723, 75, 8, 0, 1, 0, 8, 05:30:38, 05:35:38
 284, 41, 3, 0, 0, 0, 0, 05:33:46, 05:35:46
 1067, 14, 13, 1, 1, 8, 1, 05:34:03, 05:36:03
 854, 44, 10, 1, 1, 8, 3, 05:30:27, 05:36:27
 1450, 73, 17, 0, 1, 0, 10, 05:33:44, 05:36:44
 376, 52, 4, 1, 1, 2, 7, 05:33:47, 05:36:47
 1056, 3, 13, 1, 1, 3, 8, 05:33:17, 05:37:17
 1371, 75, 16, 1, 1, 10, 5, 05:33:19, 05:37:19
 320, 77, 3, 1, 1, 7, 7, 05:31:36, 05:37:36
 505, 19, 6, 1, 1, 1, 9, 05:33:01, 05:38:01
 974, 2, 12, 0, 1, 0, 2, 05:35:08, 05:38:08
 1347, 51, 16, 1, 1, 10, 10, 05:36:08, 05:38:08
 281, 38, 3, 1, 1, 4, 5, 05:35:26, 05:38:26
 519, 33, 6, 0, 0, 0, 0, 05:36:35, 05:38:35
 1473, 15, 18, 0, 0, 0, 0, 05:34:43, 05:38:43
 383, 59, 4, 1, 1, 8, 5, 05:36:44, 05:38:44
 1428, 51, 17, 1, 1, 6, 8, 05:33:03, 05:39:03
 144, 63, 1, 0, 0, 0, 0, 05:36:10, 05:39:10
 74, 74, 0, 0, 0, 0, 0, 05:36:12, 05:39:12
 686, 38, 8, 0, 0, 0, 0, 05:36:41, 05:39:41
 799, 70, 9, 1, 1, 1, 6, 05:37:59, 05:39:59
 142, 61, 1, 0, 0, 0, 0, 05:34:48, 05:40:48
 1145, 11, 14, 0, 1, 0, 2, 05:37:53, 05:40:53
 1367, 71, 16, 0, 0, 0, 0, 05:38:07, 05:41:07
 1046, 74, 12, 0, 0, 0, 0, 05:38:09, 05:41:09
 413, 8, 5, 1, 1, 4, 2, 05:38:23, 05:41:23
 1292, 77, 15, 1, 1, 4, 6, 05:38:24, 05:41:24
 1434, 57, 17, 1, 1, 6, 8, 05:36:22, 05:42:22
 4, 4, 0, 0, 1, 0, 8, 05:37:37, 05:42:37
 995, 23, 12, 1, 1, 6, 7, 05:41:45, 05:43:45
 1313, 17, 16, 1, 1, 9, 10, 05:38:34, 05:44:34
 1063, 10, 13, 0, 1, 0, 10, 05:42:35, 05:44:35
 339, 15, 4, 1, 1, 2, 9, 05:40:09, 05:45:09
 569, 2, 7, 1, 1, 8, 8, 05:39:48, 05:45:48
 1202, 68, 14, 1, 1, 4, 5, 05:39:48, 05:45:48
 494, 8, 6, 1, 1, 8, 1, 05:40:07, 05:46:07
 1091, 38, 13, 0, 1, 0, 2, 05:43:13, 05:46:13
 1429, 52, 17, 0, 1, 0, 7, 05:42:33, 05:46:33
 535, 49, 6, 1, 1, 3, 3, 05:41:38, 05:46:38
 961, 70, 11, 0, 0, 0, 0, 05:42:38, 05:46:38
 502, 16, 6, 1, 1, 1, 2, 05:44:30, 05:47:30
 725, 77, 8, 1, 1, 1, 2, 05:42:49, 05:47:49
 777, 48, 9, 1, 1, 8, 7, 05:42:10, 05:48:10
 369, 45, 4, 1, 1, 1, 1, 05:42:55, 05:48:55
 630, 63, 7, 0, 0, 0, 0, 05:44:57, 05:48:57
 736, 7, 9, 0, 0, 0, 0, 05:44:33, 05:49:33
 1452, 75, 17, 1, 1, 7, 3, 05:45:51, 05:49:51
 1234, 19, 15, 0, 0, 0, 0, 05:46:03, 05:50:03
 617, 50, 7, 0, 1, 0, 3, 05:45:17, 05:50:17
 650, 2, 8, 0, 0, 0, 0, 05:48:08, 05:51:08
 209, 47, 2, 0, 0, 0, 0, 05:47:13, 05:51:13
 975, 3, 12, 1, 1, 9, 10, 05:45:25, 05:51:25
 820, 10, 10, 1, 1, 3, 4, 05:45:48, 05:51:48
 194, 32, 2, 1, 1, 9, 6, 05:47:13, 05:52:13
 1206, 72, 14, 1, 1, 2, 1, 05:48:20, 05:52:20
 1395, 18, 17, 0, 0, 0, 0, 05:46:23, 05:52:23
 47, 47, 0, 0, 1, 0, 10, 05:50:29, 05:52:29
 184, 22, 2, 0, 0, 0, 0, 05:49:32, 05:52:32
 600, 33, 7, 1, 1, 9, 6, 05:47:54, 05:52:54
 731, 2, 9, 1, 1, 4, 3, 05:51:03, 05:53:03
 1384, 7, 17, 1, 1, 6, 9, 05:50:09, 05:53:09
 228, 66, 2, 1, 1, 9, 9, 05:51:12, 05:53:12
 1233, 18, 15, 0, 1, 0, 7, 05:50:15, 05:53:15
 633, 66, 7, 1, 1, 9, 9, 05:50:32, 05:53:32
 917, 26, 11, 1, 1, 7, 4, 05:47:35, 05:53:35
 1105, 52, 13, 1, 1, 5, 2, 05:50:48, 05:53:48
 356, 32, 4, 1, 1, 4, 6, 05:50:55, 05:53:55
 219, 57, 2, 1, 1, 4, 2, 05:51:06, 05:54:06
 751, 22, 9, 0, 0, 0, 0, 05:51:33, 05:54:33
 1479, 21, 18, 1, 1, 9, 9, 05:49:38, 05:54:38
 63, 63, 0, 0, 0, 0, 0, 05:52:39, 05:54:39
 66, 66, 0, 0, 1, 0, 3, 05:51:47, 05:54:47
 1066, 13, 13, 1, 1, 4, 1, 05:50:21, 05:55:21
 1397, 20, 17, 0, 0, 0, 0, 05:49:37, 05:55:37
 1181, 47, 14, 1, 1, 7, 2, 05:49:39, 05:55:39
 628, 61, 7, 0, 0, 0, 0, 05:53:03, 05:56:03
 159, 78, 1, 1, 1, 3, 3, 05:51:08, 05:56:08
 177, 15, 2, 0, 1, 0, 7, 05:50:36, 05:56:36
 1275, 60, 15, 0, 0, 0, 0, 05:52:04, 05:57:04
 735, 6, 9, 1, 1, 7, 5, 05:55:11, 05:57:11
 114, 33, 1, 0, 0, 0, 0, 05:54:25, 05:57:25
 401, 77, 4, 0, 1, 0, 1, 05:53:36, 05:57:36
 260, 17, 3, 1, 1, 3, 2, 05:53:17, 05:58:17
 1054, 1, 13, 1, 1, 6, 2, 05:56:21, 05:58:21
 438, 33, 5, 1, 1, 10, 9, 05:53:27, 05:58:27
 606, 39, 7, 1, 1, 5, 5, 05:53:31, 05:58:31
 1497, 39, 18, 1, 1, 4, 9, 05:52:48, 05:58:48
 711, 63, 8, 1, 1, 2, 4, 05:56:08, 05:59:08
 582, 15, 7, 1, 1, 10, 5, 05:56:21, 05:59:21
 1339, 43, 16, 1, 1, 7, 10, 05:54:31, 05:59:31
 412, 7, 5, 0, 0, 0, 0, 05:53:34, 05:59:34
 105, 24, 1, 1, 1, 5, 2, 05:54:58, 05:59:58
 501, 15, 6, 0, 0, 0, 0, 05:57:15, 06:00:15
 1480, 22, 18, 1, 1, 5, 1, 05:57, 06:01
 1218, 3, 15, 1, 1, 7, 5, 05:57:02, 06:01:02
 261, 18, 3, 0, 1, 0, 9, 05:59:03, 06:01:03
 965, 74, 11, 0, 0, 0, 0, 05:55:18, 06:01:18
 1214, 80, 14, 0, 1, 0, 7, 05:56:32, 06:01:32
 642, 75, 7, 1, 1, 6, 3, 05:55:41, 06:01:41
 1297, 1, 16, 1, 1, 1, 4, 05:58:39, 06:02:39
 952, 61, 11, 0, 0, 0, 0, 05:56:40, 06:02:40
 851, 41, 10, 1, 1, 2, 8, 05:57:54, 06:03:54
 245, 2, 3, 1, 1, 4, 6, 05:59:01, 06:04:01
 1187, 53, 14, 0, 1, 0, 1, 05:58:14, 06:04:14
 1432, 55, 17, 0, 0, 0, 0, 05:58:17, 06:04:17
 1249, 34, 15, 0, 1, 0, 4, 05:58:48, 06:04:48
 442, 37, 5, 1, 1, 2, 4, 05:58:54, 06:04:54
 1186, 52, 14, 0, 0, 0, 0, 05:59:52, 06:05:52
 551, 65, 6, 1, 1, 6, 4, 05:59:59, 06:05:59
